"","PPR","Motif","Sequence","sixth","first","sf","a","c","g","t"
"1","Mp1g01570",1,"TRVELTNLMKALGHLKQPDVALDVLSWMQKQSGRLKP","T","N","TN",0.65,0.05,0.25,0.05
"2","Mp1g01570",2,"NKHVYSTILGVLGRAGMVSKARELFDSADLKALR","S","S","SS",0.85,0.05,0.05,0.05
"3","Mp1g01570",3,"SVVLFNAMMGVYVRSGFFKRAWKLYEELCAQGLEA","N","D","ND",0.05,0.25,0.15,0.55
"4","Mp1g01570",4,"DEVTFNTLFSGIAKSDMPVPMAEKLFSKMQQSGVPA","N","G","NG",0.15,0.55,0.05,0.25
"5","Mp1g01570",5,"GRFTYNTLIMLYSKAGNFNAASAMLHEMRQRDHLP","N","D","ND",0.05,0.25,0.15,0.55
"6","Mp1g01570",6,"DLCTFNTLIALHARAGQVEQAVHVFRTLTDAGLKP","N","D","ND",0.05,0.25,0.15,0.55
"7","Mp1g01570",7,"DTITFTTLIQMFNQAHLPSKAVDCFAEMQACGCKP","T","D","TD",0.25,0.05,0.55,0.15
"8","Mp1g01570",8,"DLMTYSLMVHVHGRAGRPREAEQALQQMQQAGFRP","S","N","SN",0.85,0.05,0.05,0.05
"9","Mp1g01570",9,"NVVTWSSLIQVYGKQGMLAELNACFAEMQKSGCRA","S","D","SD",0.05,0.15,0.75,0.05
"10","Mp1g01570",10,"DATLYNIMMNAYGQVSLPGQAACLFRQMQSQGIQP","N","T","NT",0.05,0.65,0.05,0.25
"11","Mp1g01570",11,"TEACYNTMIHAYAHVGKLDEARAVCQQMIRAGFGP","N","D","ND",0.05,0.25,0.15,0.55
"13","Mp1g02030",1,"SSFDCSELILAAIAQNNVDLAFSILNAMRSSLLQR","S","D","SD",0.05,0.15,0.75,0.05
"14","Mp1g02030",2,"DVSTYVALVRGLAASLRVSDAIATVGDVRRRGVPP","V","","V",0.25,0.25,0.25,0.25
"16","Mp1g06100",1,"DDRAMTKEIVELSKKQQLDQVFKLIEEAKKEKEGW","T","N","TN",0.65,0.05,0.25,0.05
"17","Mp1g06100",2,"NIIIMNTVVAACVRCHDIDRAIQVYQEMIEDNGCG","N","D","ND",0.05,0.25,0.15,0.55
"18","Mp1g06100",3,"DNVTYGTLLRGLGEARRLDDAFELVETIVGGQAPG","N","T","NT",0.05,0.65,0.05,0.25
"19","Mp1g06100",4,"TDVHLNTLVNACVEAGDSLRAKGVLLRYRSSVSKT","N","S","NS",0.15,0.55,0.05,0.25
"20","Mp1g06100",5,"STLTYNLLIKGCARSDKPLEALKLKEEMINQGLQP","N","Q","NQ",0.25,0.25,0.25,0.25
"21","Mp1g06100",6,"QRLTYNSLIFACLKGGDMDQAFELLKEMKLEARRL","N","D","ND",0.05,0.25,0.15,0.55
"22","Mp1g06100",7,"DVVTYTTLLKGAAHGNIDSVLKLVAEMKRSPTVVL","T","D","TD",0.25,0.05,0.55,0.15
"23","Mp1g06100",8,"DRIAYTAIIDACIAAQAPEEGLRFLEEMKELAKSD","T","K","TK",0.25,0.25,0.25,0.25
"25","Mp1g06870",1,"GISTCNAVVGALCAVDRVSSACMLVRIMKEKQWAP","N","N","NN",0.05,0.65,0.05,0.25
"26","Mp1g06870",2,"NARTYNLVLSGLVNGRRWREAWELFDEMKQTTFKP","N","N","NN",0.05,0.65,0.05,0.25
"27","Mp1g06870",3,"NSVTYSTLIRGLCQEGKVDEGIAVFNLASRSGCSR","S","D","SD",0.05,0.15,0.75,0.05
"28","Mp1g06870",4,"DLVTYTTLITGLRKVGRIEEASSMLETMILAGCEP","T","D","TD",0.25,0.05,0.55,0.15
"29","Mp1g06870",5,"DTIVYSSVLVGLCSTGKLEEAVCLFRKMLQQGFLP","S","D","SD",0.05,0.15,0.75,0.05
"30","Mp1g06870",6,"DVVTCNGLLSAYCRANKLDSALEMFERMSQWGCKP","N","D","ND",0.05,0.25,0.15,0.55
"31","Mp1g06870",7,"DSRSYEIIIGALLSARRVEESLEYYENMRHHGCCP","E","S","ES",0.25,0.25,0.25,0.25
"32","Mp1g06870",8,"SSSIHDTIVKKLCRAGHTRLAYELLCSRQPNEFKC","D","S","DS",0.25,0.25,0.25,0.25
"33","Mp1g06870",9,"SSSAFKSVIGRLVVDGQWAEATRSVERMSKVHGAP","K","T","KT",0.25,0.25,0.25,0.25
"34","Mp1g06870",10,"TARFYHHLILLLGKAGKLNDVPSLFRSMEQSGFFP","H","D","HD",0.25,0.25,0.25,0.25
"35","Mp1g06870",11,"DLLMYNCCIDWLVERGLCEEACKVVEEMKAKDISP","N","D","ND",0.05,0.25,0.15,0.55
"36","Mp1g06870",12,"DVVTYNTLLKGLGKETTTSVAQNLLKHMKENACSP","N","N","NN",0.05,0.65,0.05,0.25
"37","Mp1g06870",13,"NVITYSILMDAIYRKGGLQEVARLFEDMQREGCDP","S","D","SD",0.05,0.15,0.75,0.05
"38","Mp1g06870",14,"DLYAYNTMIKILTQAGNFEEAFNFLKMMERANCTA","N","D","ND",0.05,0.25,0.15,0.55
"39","Mp1g06870",15,"DVVTYNLLIDGLGKRGLTKKAMRLFQQMQRSGCTP","N","D","ND",0.05,0.25,0.15,0.55
"40","Mp1g06870",16,"DAITYSTMICTLSQAGLWYTSLEVYLQSKEHGSSC","S","D","SD",0.05,0.15,0.75,0.05
"41","Mp1g06870",17,"DVVSHNSIIDVLVKADQAEKALQIFQEMKRQGHNP","N","D","ND",0.05,0.25,0.15,0.55
"42","Mp1g06870",18,"DVVTYNTIMACLTTSGDMKRSFDLFSEMKQAGVAP","N","D","ND",0.05,0.25,0.15,0.55
"43","Mp1g06870",19,"DVITYSVLIRGLCNIRQWVTACQLLEEMIERKLSI","S","D","SD",0.05,0.15,0.75,0.05
"44","Mp1g06870",20,"DKYTFHSLKSGFWKSSYALRAFGLLTALKREKSFP","H","","H",0.25,0.25,0.25,0.25
"46","Mp1g07240",1,"NRKNFPPLIKAVTSTGALNHSVRVFNWMKNQRCYRA","P","R","PR",0.25,0.25,0.25,0.25
"47","Mp1g07240",2,"RNDIYNSMIWLYARHQRVDGARSLHAEMQEWRLVV","N","D","ND",0.05,0.25,0.15,0.55
"48","Mp1g07240",3,"DVETYNALINVHGRALQWREALNLFDDMLRAEVPP","N","S","NS",0.15,0.55,0.05,0.25
"49","Mp1g07240",4,"STKSYNNLINACGSSGQWERALKVYERMKKDGVAA","N","D","ND",0.05,0.25,0.15,0.55
"50","Mp1g07240",5,"DLVTHNVILTALKVGEQYAMAIEHFESMLSWKVKP","N","D","ND",0.05,0.25,0.15,0.55
"51","Mp1g07240",6,"DRITLNIIISCFHNLGTYDEAIKLFNSMRNMRFDD","N","D","ND",0.05,0.25,0.15,0.55
"52","Mp1g07240",7,"DVVTFTTVMQVYAACGQVDNAKSLFEALVGEGLVP","T","N","TN",0.65,0.05,0.25,0.05
"53","Mp1g07240",8,"NLITFNTLIGAYASVGMYVEALQVFKLLEKAGFEP","N","D","ND",0.05,0.25,0.15,0.55
"54","Mp1g07240",9,"DVISYTALMNSYSKSGKSHEAREVFDLMKRRSRRP","T","N","TN",0.65,0.05,0.25,0.05
"55","Mp1g07240",10,"NIVTYNTLIDAYGSAGLVTEALRLLPDMDFEDIPP","N","N","NN",0.05,0.65,0.05,0.25
"56","Mp1g07240",11,"NVVTICSLIAACGRSGQAQKCVDVLKAAKLRKIVL","C","N","CN",0.75,0.05,0.15,0.05
"57","Mp1g07240",12,"NLNAYNTAISVYMNGGMYEEAKELYDIMQHQGVAP","N","D","ND",0.05,0.25,0.15,0.55
"58","Mp1g07240",13,"DSITFSILIYGASKVGNVEEALSLYEEMLSMGIEA","S","S","SS",0.85,0.05,0.05,0.05
"59","Mp1g07240",14,"SVEAYSALIHAYAQQGMAAAAQAAFTEMKQSSCSP","S","N","SN",0.85,0.05,0.05,0.05
"60","Mp1g07240",15,"NVFTYTSLLQAYKVAGMPELAAAVLEDMESSCIKP","T","D","TD",0.25,0.05,0.55,0.15
"61","Mp1g07240",16,"DAVACSSLFSIFNESGKIEKTLRLWSNLRKDVIL","S","N","SN",0.85,0.05,0.05,0.05
"62","Mp1g07240",17,"NEVAYTQLFIACSIKKDWRTALEIFEDMRHAGVSP","T","T","TT",0.65,0.05,0.25,0.05
"63","Mp1g07240",18,"TSRLGNHLLTCLGTSGKVQHLMKVYKQLKDLGMVS","N","D","ND",0.05,0.25,0.15,0.55
"64","Mp1g07240",19,"DRQSYDILISSFSRAQNWRKCIEILSWYKSENFEP","D","S","DS",0.25,0.25,0.25,0.25
"65","Mp1g07240",20,"SLETFKMVLQCLEKMCLWTQYLEVYYQMLSSRCYP","K","D","KD",0.25,0.25,0.25,0.25
"67","Mp1g07710",1,"PVKNLNTLLAGIRIEDRIIDLFSWMRRNGKTRN","N","N","NN",0.05,0.65,0.05,0.25
"68","Mp1g07710",2,"NPYAYRIVLKVMLKRHAWDRVVEILEEVGSTL","R","D","RD",0.25,0.25,0.25,0.25
"69","Mp1g07710",3,"DNHTWNSIVDAAVNAGAPEFAVKLITTLIPRNFRP","N","Q","NQ",0.25,0.25,0.25,0.25
"70","Mp1g07710",4,"QQSTFVNLLRLLQKTRKVTEAEAVFHMFEGNDLR","V","C","VC",0.25,0.25,0.25,0.25
"71","Mp1g07710",5,"CCGAYTAMISLYTRAGLYHKAEKAIQEMELRDITP","T","D","TD",0.25,0.05,0.55,0.15
"72","Mp1g07710",6,"DKDNWLMQINAYGQQGKVRESEKKFQTMQEAQVRP","L","D","LD",0.25,0.25,0.25,0.25
"73","Mp1g07710",7,"DLLAYNSMILAYGRAHLFDRACATFKKMVEVGVTP","N","D","ND",0.05,0.25,0.15,0.55
"74","Mp1g07710",8,"DESSYRSMIGACGRAGKLKDALSLFSEMKALNYRP","R","S","RS",0.25,0.25,0.25,0.25
"75","Mp1g07710",9,"SLQNFNTLINLYGKVRNGGGIVRVLQEMKEIGCKP","N","D","ND",0.05,0.25,0.15,0.55
"76","Mp1g07710",10,"DSQTLDAALRAMERAGKLKNLGKLMASLKEAGWSV","D","D","DD",0.25,0.25,0.25,0.25
"77","Mp1g07710",11,"DVPSYAPLLNAYLKCNMNEAALETFHTMRKAALIP","A","K","AK",0.25,0.25,0.25,0.25
"78","Mp1g07710",12,"KESVCLALICQCKDAGKLDDAIYLFSELQAAGMSP","L","G","LG",0.25,0.25,0.25,0.25
"79","Mp1g07710",13,"GLETTCTMINIYGMLGNVEEAERLFDKLKRSGVQL","C","D","CD",0.05,0.05,0.85,0.05
"80","Mp1g07710",14,"DMVAYNVLLSVYMKAGLHEEAKKVYQIIEQH","N","D","ND",0.05,0.25,0.15,0.55
"81","Mp1g07710",15,"DAYTFQSMLRVLQKAELEQEGVELYWKILDLGLEL","Q","D","QD",0.25,0.25,0.25,0.25
"82","Mp1g07710",16,"DEGLLTCIINCCGRALPLEETSVLFQALLDRGCTP","T","N","TN",0.65,0.05,0.25,0.05
"83","Mp1g07710",17,"NATTFNLMIDLYGKAGMMDRTRYIFELAQQYGMV","N","D","ND",0.05,0.25,0.15,0.55
"84","Mp1g07710",18,"DKISYSTLIDAYGKCRDFPNMERTLWDMQRNGFAG","S","T","ST",0.85,0.05,0.05,0.05
"85","Mp1g07710",19,"TLEAYNAMIDAYGKAGMFTKMEDVLERMRRAGCCG","N","D","ND",0.05,0.25,0.15,0.55
"86","Mp1g07710",20,"DISTYNILINILGKKGLLQEVQKVLVEMEEKGWKP","N","D","ND",0.05,0.25,0.15,0.55
"87","Mp1g07710",21,"DRWTYNTLIRAYGLAEMPDEVIKIFKEMQEAGLMP","N","D","ND",0.05,0.25,0.15,0.55
"88","Mp1g07710",22,"DRVTYVNLVAAFEKSGNLLEAARWSLWMSQAGYQS","V","","V",0.25,0.25,0.25,0.25
"90","Mp1g08110",1,"DEWRRKKLEWLCRELVGLKPRGVVTILNEQRPWI","K","K","KK",0.25,0.25,0.25,0.25
"91","Mp1g08110",2,"KGEDVKYIVEHLLKMDQFLRAHRVLKWEMQQPFYEF","K","N","KN",0.05,0.65,0.05,0.25
"92","Mp1g08110",3,"NFELNTQVANALGENKKLSRTRDIYDLMIQNGHVP","T","E","TE",0.05,0.05,0.85,0.05
"93","Mp1g08110",4,"ELSTYVLLINCYLEEGTTDTILKGLYLYNQMMQLGGHEP","V","P","VP",0.25,0.25,0.25,0.25
"94","Mp1g08110",5,"PASLRFKLFKALAQKNLTLIEEADEVFDGIRAAGLVP","F","T","FT",0.25,0.25,0.25,0.25
"95","Mp1g08110",6,"TEEMYQHLVLLHGNSGNQSRVESLTKEMKDLGINI","Q","G","QG",0.25,0.25,0.25,0.25
"96","Mp1g08110",7,"GESIYTANVIRACVKDVDLAKAEESFSELKKVWVKP","T","I","TI",0.25,0.25,0.25,0.25
"97","Mp1g08110",8,"IPSVYAALIKLYGKSGLPDKAFEMFQEIKHSGISI","A","N","AN",0.75,0.05,0.05,0.15
"98","Mp1g08110",9,"NINVYEAMIEVSAAAGNREQAEQLVEEAEARGLES","E","M","EM",0.25,0.25,0.25,0.25
"99","Mp1g08110",10,"MQGCYNALIRMYSELGQLEKLEKVFHEMPSKRHYP","N","K","NK",0.05,0.65,0.05,0.25
"100","Mp1g08110",11,"KIASYNALLEAYVTHGLLEKAEALYEVVKKEKRIA","N","N","NN",0.05,0.65,0.05,0.25
"101","Mp1g08110",12,"NPKTYELLIKAYGKLGASAKLNAVYKEMAAHKMGV","E","","E",0.25,0.25,0.25,0.25
"103","Mp1g08430",1,"EDFPYLLRELGNWGAWEKALKSFEWMLRQARLSGE","L","W","LW",0.25,0.25,0.25,0.25
"104","Mp1g08430",2,"WSKLASIMISTLGRLGKVDLAQEVFNNAQSRGFGD","S","N","SN",0.85,0.05,0.05,0.05
"105","Mp1g08430",3,"NVYAYSALVSAYGRSGRCKEALDVFQLMKKSGCKP","S","N","SN",0.85,0.05,0.05,0.05
"106","Mp1g08430",4,"NLITYNTIIDACGKGGVDLNKALEIFDEMQREGVEP","N","D","ND",0.05,0.25,0.15,0.55
"107","Mp1g08430",5,"DRITFNSLIAVCSRGSLWEESQKVFAEMQRRGIEQ","N","D","ND",0.05,0.25,0.15,0.55
"108","Mp1g08430",6,"DIFTYNTLIDAVCKGGQMELAASIVAAMRHKSINP","N","N","NN",0.05,0.65,0.05,0.25
"109","Mp1g08430",7,"NVVTYSTMIDGYGKIGCFDQAINLYHEMKDANIYP","S","D","SD",0.05,0.15,0.75,0.05
"110","Mp1g08430",8,"DRVSYNTLVDIYAKLGRFDDALATCTEMERAGWKT","N","D","ND",0.05,0.25,0.15,0.55
"111","Mp1g08430",9,"DVVTYNALIDAYGKQGKYDDASKLFDKMKSEGVVP","N","N","NN",0.05,0.65,0.05,0.25
"112","Mp1g08430",10,"NVLTYSALIDAYSKGGRHREASEVFQQFKKAGLQP","S","D","SD",0.05,0.15,0.75,0.05
"113","Mp1g08430",11,"DVVLYSALIDAYFKNGLVNEAVALLEEMMKQGIQP","S","N","SN",0.85,0.05,0.05,0.05
"114","Mp1g08430",12,"NIVTYNSLIDAYGRRGEVDKAWKTLESSRDDNITP","N","N","NN",0.05,0.65,0.05,0.25
"115","Mp1g08430",13,"NVVTFSAILNACSRCASFEEASVLLEEMRLFDSRV","S","","S",0.25,0.25,0.25,0.25
"117","Mp1g08510",1,"NIVVYNVLLGAMRAGRQWKVAEAFALDMVRDGLPL","N","D","ND",0.05,0.25,0.15,0.55
"118","Mp1g08510",2,"DNYTFSTLISCALQCKAPRDALAWFDRMQAAGVVP","S","D","SD",0.05,0.15,0.75,0.05
"119","Mp1g08510",3,"DEVTYSTMTLVFSRLGRFDEAVELYETLRLTGWKP","S","D","SD",0.05,0.15,0.75,0.05
"120","Mp1g08510",4,"DRVTFGSMVNVYARAGKYQKASAVIKEMKDIGMQP","G","D","GD",0.05,0.05,0.85,0.05
"121","Mp1g08510",5,"DAVVYNTMIKFFAREGKTGQAKRVFKEMEAVGIKA","N","S","NS",0.15,0.55,0.05,0.25
"122","Mp1g08510",6,"SEYTLSLMIDVHGRSGNVEEALALFARMKAENLPL","S","D","SD",0.05,0.15,0.75,0.05
"123","Mp1g08510",7,"DTAVYNSLLKMCGEERMVAEGERLVAEMAARGLKR","N","D","ND",0.05,0.25,0.15,0.55
"124","Mp1g08510",8,"DEMTYKSLVNLYAKEGRIDDAVRAMQQMAEAGCPA","K","D","KD",0.25,0.25,0.25,0.25
"125","Mp1g08510",9,"DVVVYSCLIKACGSSKQFERAEQFFEDMLASGASV","S","D","SD",0.05,0.15,0.75,0.05
"127","Mp1g09820",1,"EPYIVNQILKQQQRVQVAVGFFQWAKEQKEYKH","N","N","NN",0.05,0.65,0.05,0.25
"128","Mp1g09820",2,"NTCVYNTMIGIVGSNKDFVAMKGLMEEMLRDGCEP","N","N","NN",0.05,0.65,0.05,0.25
"129","Mp1g09820",3,"NAVTFTVIIRSFGAKKIDKAVDTFEHMKEFGFPP","T","D","TD",0.25,0.05,0.55,0.15
"130","Mp1g09820",4,"DVATYNCLIDLLIKAGDDQKAWSYFEKLKESGLEP","N","D","ND",0.05,0.25,0.15,0.55
"131","Mp1g09820",5,"DRITHNILYSSFVKCGRVDDACSLTKSHL","N","P","NP",0.25,0.25,0.25,0.25
"132","Mp1g09820",6,"PVSKYNSLIHFLGRGNNLEDALKVFHNMQVRGKP","N","D","ND",0.05,0.25,0.15,0.55
"133","Mp1g09820",7,"DNFTYSSLITFFGKAGKVDAAWEFFQEMKRSGCKP","S","D","SD",0.05,0.15,0.75,0.05
"134","Mp1g09820",8,"DVVVYSAIMSAFRKAGKADQVLGLFSEMKRQGCEP","S","D","SD",0.05,0.15,0.75,0.05
"135","Mp1g09820",9,"DRESYSDLIHSLVEASRPELACKFLEEMKERGFEP","S","K","SK",0.25,0.25,0.25,0.25
"136","Mp1g09820",10,"KITTYSDVLWMLGKAGIIEEAVRIFQEMKGLWRKP","S","R","SR",0.25,0.25,0.25,0.25
"137","Mp1g09820",11,"RVNSYHSMIVAFSLAGRMADAMDIFKESQEVGCIP","H","V","HV",0.25,0.25,0.25,0.25
"138","Mp1g09820",12,"VSDMYSDLIHGFCKVGDIGSARELFLEMNAKGFFL","S","D","SD",0.05,0.15,0.75,0.05
"139","Mp1g09820",13,"DLLTYNVLINSLCKAKRVDEALQLLKKMPENGCIP","N","N","NN",0.05,0.65,0.05,0.25
"140","Mp1g09820",14,"NVVSYTTLIRGFGDTGRDDLAFSLFKEMKEKGCTP","T","N","TN",0.65,0.05,0.25,0.05
"141","Mp1g09820",15,"NVITFNTLINMLTKKGKSHEAYKLIQEMEQSGCPL","N","N","NN",0.05,0.65,0.05,0.25
"143","Mp1g11730",1,"KPHLVGEVLKAQEDWERALRFFEWAKLQPGFEH","G","T","GT",0.05,0.85,0.05,0.05
"144","Mp1g11730",2,"TAHTYNVLLCNIASAKNEKAENMVLPLRHLQEMISKGMTP","N","T","NT",0.05,0.65,0.05,0.25
"145","Mp1g11730",3,"TILALNILIDRLCKAKKVGAALKVMRDLEGNGVAF","N","D","ND",0.05,0.25,0.15,0.55
"146","Mp1g11730",4,"DLVTYNSVINGLGKAGKFTEIFELLEEMEQKGVKP","N","D","ND",0.05,0.25,0.15,0.55
"147","Mp1g11730",5,"DLVTYNSIIHSLGNSNRWPEACKIFDELTHKGLTP","N","D","ND",0.05,0.25,0.15,0.55
"148","Mp1g11730",6,"DVVTYNSLIFGLYKGGQADEAFKVFGLMALRGCPP","N","D","ND",0.05,0.25,0.15,0.55
"149","Mp1g11730",7,"DVVTYNSLIDGLAKASRLDDALKIFDFMKQKNCNP","N","D","ND",0.05,0.25,0.15,0.55
"150","Mp1g11730",8,"DVITYNTLICELISRNKFAEISGLLAEMKDRGCTP","N","D","ND",0.05,0.25,0.15,0.55
"152","Mp1g12860",1,"DTREQSVVLNEEKVWTRALAAFAWFKKEESYRP","S","N","SN",0.85,0.05,0.05,0.05
"153","Mp1g12860",2,"NVIHYNIILKILGRSQQWELVDDFWAEMQQEKILP","N","T","NT",0.05,0.65,0.05,0.25
"154","Mp1g12860",3,"TNVTFSTLIDVYDKAGRRDKAMEWLELMKSRGIRP","S","D","SD",0.05,0.15,0.75,0.05
"155","Mp1g12860",4,"DNVTTNTVLNVHKRHGNVAAAEELFKQSWI","N","D","ND",0.05,0.25,0.15,0.55
"156","Mp1g12860",5,"DVETFNAMIDMYGRTGRFAEASKFFSDMIEANVAL","N","D","ND",0.05,0.25,0.15,0.55
"157","Mp1g12860",6,"DTVTFNTMIKVCGLAGRLSEAESMFVKMKDIGIKS","N","D","ND",0.05,0.25,0.15,0.55
"158","Mp1g12860",7,"DLATYNTLIAIFVKVGKLETAMEYFEKMKVDGLLP","N","D","ND",0.05,0.25,0.15,0.55
"159","Mp1g12860",8,"DNVTYHTLLSSLASRDRVKDAELLCHEMGEAGVTP","H","D","HD",0.25,0.25,0.25,0.25
"160","Mp1g12860",9,"DGSVSVGLVRMYVRLGLLDEASKIVENLLVSGILESA","V","S","VS",0.25,0.25,0.25,0.25
"161","Mp1g12860",10,"SYAAIIDVYGEHNLWYEAESIFQACRPKW","I","T","IT",0.25,0.25,0.25,0.25
"162","Mp1g12860",11,"TVGICNTMMKAYGLCGLHERAVEVVTIMEGRDLVP","N","D","ND",0.05,0.25,0.15,0.55
"163","Mp1g12860",12,"DEITLNTLLHSVVALVPSDLGKVEITLARMRRINCKI","N","Q","NQ",0.25,0.25,0.25,0.25
"164","Mp1g12860",13,"QRSTSNLLIGFYAKLGMVKEAEQTFRQMEADGGAL","N","D","ND",0.05,0.25,0.15,0.55
"165","Mp1g12860",14,"DVECYGALLNAYAEAGLAKEAEQTIVEMKEAGFSP","G","N","GN",0.65,0.25,0.05,0.05
"166","Mp1g12860",15,"NEVVLTTLMKLYGRIDQLEEAKKLYLDIERQLGTP","T","D","TD",0.25,0.05,0.55,0.15
"167","Mp1g12860",16,"DVFAANMLIDMYAKNGKIREAEKVFKQLEKTAIFN","N","E","NE",0.05,0.25,0.05,0.65
"168","Mp1g12860",17,"EVTLSTMLEMYRRAGFIRQALGMATRMLTKDLV","S","N","SN",0.85,0.05,0.05,0.05
"169","Mp1g12860",18,"NIGSYNTVLSFYASLGRATEATEVFNLLDLRSVTP","N","D","ND",0.05,0.25,0.15,0.55
"170","Mp1g12860",19,"DIQTHTIMSGVLKSMGSVQEAIHLLTTDAPVGHSS","T","T","TT",0.65,0.05,0.25,0.05
"171","Mp1g12860",20,"TLQSLTALASLYARAGQFEESFEVCNKLRHGRFSL","T","D","TD",0.25,0.05,0.55,0.15
"172","Mp1g12860",21,"DTAAYNALIFCFGSAGRFDESLRLFMEMQSKGLKP","N","D","ND",0.05,0.25,0.15,0.55
"173","Mp1g12860",22,"DAITYTTVITVYGKAGLLEGVTRIFKRMKQAGCEP","T","S","TS",0.65,0.05,0.25,0.05
"175","Mp1g13160",1,"DYDSIEERLLRALKERRTEDAWQLHQVLRRGGILP","E","S","ES",0.25,0.25,0.25,0.25
"176","Mp1g13160",2,"SQTCCSRLIAQLSHKGTPSSLSRAQKMLVDLQSVNK","S","D","SD",0.05,0.15,0.75,0.05
"177","Mp1g13160",3,"DADAMGLLVMASARAGAARYALSITRVMLQMGFLP","G","P","GP",0.25,0.25,0.25,0.25
"178","Mp1g13160",4,"PVKVWSAVVSRLGKHPYDATLALELFDEICD","S","D","SD",0.05,0.15,0.75,0.05
"179","Mp1g13160",5,"DTGAFNAVLNACATGALAKKAEEYVERMAEFGVRP","N","D","ND",0.05,0.25,0.15,0.55
"180","Mp1g13160",6,"DVLTFNILIKLFAKTGEANQLLNILEQMEEHSIEP","N","D","ND",0.05,0.25,0.15,0.55
"181","Mp1g13160",7,"DISTLNSLVSAYTALGHLDEAERLVHSMQQA","N","D","ND",0.05,0.25,0.15,0.55
"182","Mp1g13160",8,"DVRTYTTLMNGYVKKGRMKDAVQLLIAMRNE","T","N","TN",0.65,0.05,0.25,0.05
"183","Mp1g13160",9,"NEVTYTTVIGACVSLGLMDEARSVLLEMAVQKVPA","T","N","TN",0.65,0.05,0.25,0.05
"184","Mp1g13160",10,"NLVTYNTLLKGYCRAGQLSKAYELMKDMKVAGLSP","N","D","ND",0.05,0.25,0.15,0.55
"185","Mp1g13160",11,"DVVSYNTLINGCIRRDDNVDALEVFREMRSAGIAP","N","S","NS",0.15,0.55,0.05,0.25
"186","Mp1g13160",12,"SEVSYTTLMNAFARNGQPKLVAEVFEEMKQD","T","D","TD",0.25,0.05,0.55,0.15
"187","Mp1g13160",13,"DVIAWNVLIDGYCRAGMMDEAKDNFTEMKEQGFHP","N","T","NT",0.05,0.65,0.05,0.25
"188","Mp1g13160",14,"TVATYGSLVKGYASAGQAGEALVIWKEIQERVLAK","G","D","GD",0.05,0.05,0.85,0.05
"189","Mp1g13160",15,"DGGLFDCLVDTCVRAGYFQRALEVVACMEQQGILA","D","D","DD",0.25,0.25,0.25,0.25
"191","Mp1g15120",1,"LKMDLLATLAELQRQNEISLALQVFDVVRKEIWYKP","L","D","LD",0.25,0.25,0.25,0.25
"192","Mp1g15120",2,"DKFLYRQMLDALGRNRMIPELEQKFQELQDEGIVP","R","D","RD",0.25,0.25,0.25,0.25
"193","Mp1g15120",3,"DVVIYRELVGAYVRSHMLERALEVHQKMIEIGCGD","R","D","RD",0.25,0.25,0.25,0.25
"195","Mp1g17150",1,"ETAVYTRMVMIAGASRKYEAVQALVSEMEAEGCER","T","N","TN",0.65,0.05,0.25,0.05
"196","Mp1g17150",2,"NLAFYNALVEFFSQAQMLDEALHTLDTIKACGWGP","N","T","NT",0.05,0.65,0.05,0.25
"197","Mp1g17150",3,"TYFTYKCIIHSALKSGNLRTGADLFMEMMQVGFMP","K","D","KD",0.25,0.25,0.25,0.25
"198","Mp1g17150",4,"DNTTINMLIDSFAKTGQLRTAYNIFREMIERGCVP","N","D","ND",0.05,0.25,0.15,0.55
"199","Mp1g17150",5,"DVYTYTIVIRSLGQKGHMDSAMKIFRDMIAAGVRP","T","T","TT",0.65,0.05,0.25,0.05
"200","Mp1g17150",6,"TSFTYHSLIHAFGREGKVDEAVQLVNEMVGKGYQP","H","G","HG",0.25,0.25,0.25,0.25
"201","Mp1g17150",7,"GIITYNILIDAYAKAGDWDGAMELFERAKGM","N","D","ND",0.05,0.25,0.15,0.55
"202","Mp1g17150",8,"DAVTYNSMLDRAVKKGDVHAASQLFEQMGATGCIA","N","N","NN",0.05,0.65,0.05,0.25
"203","Mp1g17150",9,"NKVTYAILIRGLTKVGKVEEACKLYEEMKRLDLKP","A","D","AD",0.05,0.05,0.85,0.05
"204","Mp1g17150",10,"DATIFNNLIDCLGKRRLIDLTMRLFQEMKEQGVRP","N","D","ND",0.05,0.25,0.15,0.55
"205","Mp1g17150",11,"DMCTYNTLINRLCKAGQIETASKIAEEMAEAGCIP","N","G","NG",0.15,0.55,0.05,0.25
"206","Mp1g17150",12,"GRVTYNCLINSLGKARKIDAACKIFLEMQRKGAKP","N","D","ND",0.05,0.25,0.15,0.55
"207","Mp1g17150",13,"DVVTYTCLIDGFFIAEKVDSALYMFQEMKKVGCYP","T","N","TN",0.65,0.05,0.25,0.05
"208","Mp1g17150",14,"NVVTYNVLIDHLIRQGRLPAALNFWQEMKEKGLTP","N","D","ND",0.05,0.25,0.15,0.55
"210","Mp1g18030",1,"LKLEMLLVLSELQRLDEWHLAHQVFTMIRKESWYKP","L","D","LD",0.25,0.25,0.25,0.25
"211","Mp1g18030",2,"DVYLFQTMVQVFGRNKRIKEAEKIFEDLEDEGLHP","Q","N","QN",0.25,0.25,0.25,0.25
"212","Mp1g18030",3,"NESITRELLRAYVISGMMPEAIKLYKEILELGK","R","D","RD",0.25,0.25,0.25,0.25
"213","Mp1g18030",4,"DQAARSILFHGLSAEDKEELSQYERQKGIDWSFVEKRD","S","","S",0.25,0.25,0.25,0.25
"215","Mp1g21650",1,"TPGTYCALIKALGSSKSFSTLKQLKKELELKGLSC","C","S","CS",0.85,0.05,0.05,0.05
"216","Mp1g21650",2,"STLVLRTLAVAFGQGGMTEETIECLKRMEDLGCRP","R","R","RR",0.25,0.25,0.25,0.25
"217","Mp1g21650",3,"RSSLYNSLMHVLIKADCPHGAQLLYQRMLDAGCRP","N","D","ND",0.05,0.25,0.15,0.55
"218","Mp1g21650",4,"DSCTFNNLLVGVSGSFLKMQTILEEMKHQSCKP","N","T","NT",0.05,0.65,0.05,0.25
"219","Mp1g21650",5,"TAVTIAILLNVLCKAGKLDEAWSLFAANKDLA","A","N","AN",0.75,0.05,0.05,0.15
"220","Mp1g21650",6,"NVVVTNTMIHGLCKAGRIELALELFQQMKEKKLRL","N","Q","NQ",0.25,0.25,0.25,0.25
"221","Mp1g21650",7,"QKATFNILIHGLGLARRTEDALRLFRSMVNWEMVP","N","D","ND",0.05,0.25,0.15,0.55
"222","Mp1g21650",8,"DVLTYNVALRILIKDGRLPEAWRLFETMVTENLSP","N","D","ND",0.05,0.25,0.15,0.55
"223","Mp1g21650",9,"DGITYGTLIDGFCQGGDLDSACKLFMTMEGSCFNA","G","D","GD",0.05,0.05,0.85,0.05
"224","Mp1g21650",10,"DRAVYTALCTELFKAGRISEAHEVFRETAKSDPRL","T","F","TF",0.25,0.25,0.25,0.25
"225","Mp1g21650",11,"FLFAYNAAIYGFGKAGDVDKAWNLFQSMSERGCKP","N","D","ND",0.05,0.25,0.15,0.55
"226","Mp1g21650",12,"DLVTYNTLLSTFGKAKQVDRACDLFLDMQVLGIKP","N","D","ND",0.05,0.25,0.15,0.55
"227","Mp1g21650",13,"DVVTCTTLVDALCKSGRAQTALEMFEEMQAQGISP","T","N","TN",0.65,0.05,0.25,0.05
"228","Mp1g21650",14,"NVLTCHALFDGLCKEGHLRKAYMLYEDMMNKPCLL","H","N","HN",0.25,0.25,0.25,0.25
"229","Mp1g21650",15,"NGVMYRSLIRGFSNSAHLVNESYRLFREMSEKGYRS","R","D","RD",0.25,0.25,0.25,0.25
"231","Mp1g22180",1,"SVIPYTILFGIYTQAGKLDLAERAMLEMLQVGCEP","T","D","TD",0.25,0.05,0.55,0.15
"232","Mp1g22180",2,"DEVMFNTVIEAYAKLSMSDEMVEVYKAMRQRGLVP","N","P","NP",0.25,0.25,0.25,0.25
"233","Mp1g22180",3,"PTGTFARMISTLNLKGSLTDAVILWEHMLEAQVEP","A","G","AG",0.25,0.25,0.25,0.25
"234","Mp1g22180",4,"GPYCCSLMINVYRKLGKLKEVVNVFERSQKEAYVV","S","D","SD",0.05,0.15,0.75,0.05
"235","Mp1g22180",5,"DEISYNMAIDAMGKLGQYEAARSVFESLEEQGIVL","N","N","NN",0.05,0.65,0.05,0.25
"236","Mp1g22180",6,"NKYSYSTMMNVCCRAGDYHGAANIFAMMRQRGCPP","S","D","SD",0.05,0.15,0.75,0.05
"237","Mp1g22180",7,"DEVVYGTVLNAYGKVGLYDEAEAVYKEMQEVGLIS","G","D","GD",0.05,0.05,0.85,0.05
"238","Mp1g22180",8,"DIKTYTTMANVLEKAGKHSRALEIFDEIRIQSLPM","T","T","TT",0.65,0.05,0.25,0.05
"239","Mp1g22180",9,"TRYAWNTYLHCCVKAQNLPKAIEVFHRMQEEGVA","N","D","ND",0.05,0.25,0.15,0.55
"240","Mp1g22180",10,"DVVAYSNMFALYGNLHLVDKFERLVVQMHENEVKP","S","D","SD",0.05,0.15,0.75,0.05
"241","Mp1g22180",11,"DIECYGTLINIYCKLGRLDDAEAYLAKMLENGLSP","G","N","GN",0.65,0.25,0.05,0.05
"242","Mp1g22180",12,"NKHIETMLMQAYAKAGRVEDVERLYNGMEEA","T","D","TD",0.25,0.05,0.55,0.15
"243","Mp1g22180",13,"DVYAASAMIEAYQITDKKVDAMVIAGRRLGPGGND","S","D","SD",0.05,0.15,0.75,0.05
"244","Mp1g22180",14,"DRQMHDNLLLKFARSGKLKEAESLYTQMIGTDWIP","D","S","DS",0.25,0.25,0.25,0.25
"245","Mp1g22180",15,"SEEILVSMLALYGRNDKLETALDLFERNRADGVAP","V","S","VS",0.25,0.25,0.25,0.25
"246","Mp1g22180",16,"SNVLYNTVIDACIKCRRLDHASRLFEEMDNLGVGY","N","D","ND",0.05,0.25,0.15,0.55
"247","Mp1g22180",17,"DHVTYSSMIHAYTKEGKHPEAEAMVAKMLSGSLNL","S","D","SD",0.05,0.15,0.75,0.05
"248","Mp1g22180",18,"DIVAYNTIMKTFLESGNLKQAVAVFDKIREADIKP","N","S","NS",0.15,0.55,0.05,0.25
"249","Mp1g22180",19,"SIHTYSIAIRVFSEMGDLEKAAILFDELQASGIAV","S","D","SD",0.05,0.15,0.75,0.05
"250","Mp1g22180",20,"DEKAYSQMIHSYGKAGRFQQAAHLFKRLQVNGIRP","S","H","SH",0.25,0.25,0.25,0.25
"251","Mp1g22180",21,"HKVTWNTMLDAFARSGQFDEANMLFKEMSEQGLVP","N","D","ND",0.05,0.25,0.15,0.55
"252","Mp1g22180",22,"DEATYLSLLSAYGNSREMCKEAESVLNQMRNEGLCP","L","N","LN",0.25,0.25,0.25,0.25
"253","Mp1g22180",23,"NVRHYTAVIRSLGRASMVDDAARVYADMVNQYGIMP","T","D","TD",0.25,0.05,0.55,0.15
"254","Mp1g22180",24,"DPTCYRCIMKIYARYSRFKQGAALFDEIRTLGKA","R","D","RD",0.25,0.25,0.25,0.25
"255","Mp1g22180",25,"DGSLYNIAVELYGKAQRTIEAKSLVKEMEKLGYTY","N","D","ND",0.05,0.25,0.15,0.55
"257","Mp1g24450",1,"SFRLMVTLLNQEKDWQRSLALHDWMCEKGGYRP","V","S","VS",0.25,0.25,0.25,0.25
"258","Mp1g24450",2,"SIFSYNIVLRNVLKARRWTLGEGLVGEMVQNGVEP","N","D","ND",0.05,0.25,0.15,0.55
"259","Mp1g24450",3,"DKFTYSTLISAFGKAGKFESALMWFQKMEENGIVP","S","D","SD",0.05,0.15,0.75,0.05
"260","Mp1g24450",4,"DLITYSTLIQLSGKVKDFERAVSLFSKLRASGIQP","S","D","SD",0.05,0.15,0.75,0.05
"261","Mp1g24450",5,"DLVVFNSMINMFGKAKLYREAESLLQQMKSMGIEP","N","D","ND",0.05,0.25,0.15,0.55
"262","Mp1g24450",6,"DTVTYSVLINAYAESEKYDEAREVFTELRTKGVAL","S","D","SD",0.05,0.15,0.75,0.05
"263","Mp1g24450",7,"DSTTCNMIIDVYGRLGLVKEAEELFWGMTELGVYR","N","N","NN",0.05,0.65,0.05,0.25
"264","Mp1g24450",8,"NVVTYNTMIKVYGEAESLAEAFRLYHSMEKKGVLP","N","N","NN",0.05,0.65,0.05,0.25
"265","Mp1g24450",9,"NIVTYNTVMKLFAMVNNEEKATRLLKKMESSGVAP","N","N","NN",0.05,0.65,0.05,0.25
"266","Mp1g24450",10,"NAMTYSTLISIYGKTGKFDKAALLFQSLRAREFPM","S","D","SD",0.05,0.15,0.75,0.05
"267","Mp1g24450",11,"DHILYQAMVVVYEKAGFMAHAKRLLQELQHPASA","Q","","Q",0.25,0.25,0.25,0.25
"268","Mp1g24450",12,"gap","","","",0.25,0.25,0.25,0.25
"269","Mp1g24450",13,"DVSVFKNMIDLLASNKRSALVVDVYRKMRQSDFFP","K","D","KD",0.25,0.25,0.25,0.25
"270","Mp1g24450",14,"DSHICYKVMEAFGKLGLMKEAEEVYLEMKANGYVL","Y","S","YS",0.25,0.25,0.25,0.25
"271","Mp1g24450",15,"SEECHWLMMELYGNFGDIEAAEQLFEQLKSEGDLS","W","D","WD",0.25,0.25,0.25,0.25
"272","Mp1g24450",16,"DNLIHLSMSRVYERANRLDDASKVFQEMKLRENAP","L","","L",0.25,0.25,0.25,0.25
"274","Mp1g25160",1,"KRGDYSMLVTYYAKRGDKHSARAIFEKMRAARIPP","S","N","SN",0.85,0.05,0.05,0.05
"275","Mp1g25160",2,"NVHVYTSLVHAYAMANDMRGAVLCADDMSAEGIQP","T","N","TN",0.65,0.05,0.25,0.05
"276","Mp1g25160",3,"NEATYSVIISGFARSKNIKAAEYWFKKAQVDGLAA","S","N","SN",0.85,0.05,0.05,0.05
"277","Mp1g25160",4,"NIVIYNNIIEAHCKVGNMEKALALWLEMQEQGMVS","N","S","NS",0.15,0.55,0.05,0.25
"278","Mp1g25160",5,"SLKIFNVLMDGYCRAGEEEKCLAIFSQIKNAGYEP","N","T","NT",0.05,0.65,0.05,0.25
"279","Mp1g25160",6,"TIVSYGCLINLYSKLGKMEKAVDVSKQMKAEGVLH","G","N","GN",0.65,0.25,0.05,0.05
"280","Mp1g25160",7,"NKKTYTMLMNGYVRVGDCAGAFATFESMYSEGIKP","T","D","TD",0.25,0.05,0.55,0.15
"281","Mp1g25160",8,"DVMVFNALVSAFSKNNEMPEAVQILQRMQREGHYP","N","T","NT",0.05,0.65,0.05,0.25
"282","Mp1g25160",9,"TTQTYTILIDGYARHGNIEMALETVQTMMKTGCQP","T","S","TS",0.65,0.05,0.25,0.05
"283","Mp1g25160",10,"SAATYNAILNGLVHEGQIDRAAAILEDMLKAGVSP","N","N","NN",0.05,0.65,0.05,0.25
"284","Mp1g25160",11,"NQRSYTILIEGYAKLGDIGTAFDYFKSIKKAGFIV","T","D","TD",0.25,0.05,0.55,0.15
"285","Mp1g25160",12,"DVFAYSSLLKACCKAGRMQTAFAVIQEMKAAGIES","S","N","SN",0.85,0.05,0.05,0.05
"286","Mp1g25160",13,"NTYIYNILLDGWAQRGDIWEAADLMQQMRRSGLTP","N","D","ND",0.05,0.25,0.15,0.55
"287","Mp1g25160",14,"DIHTYTSFVNACCKAGDMVRAVEAVEEMKRMSLEP","T","N","TN",0.65,0.05,0.25,0.05
"288","Mp1g25160",15,"NLQTYTTLIHGWSSAAYPEKALAAFEEMKRQGVKP","T","D","TD",0.25,0.05,0.55,0.15
"289","Mp1g25160",16,"DQAVYHCLVTSLLSRAAVARDTVIEGIISVTSEMVTLGYLV","H","","H",0.25,0.25,0.25,0.25
"291","Mp1g25580",1,"SLEFLGREMSNLLSLGKLEETIRLFEEWVKSPGLD","G","N","GN",0.65,0.25,0.05,0.05
"292","Mp1g25580",2,"NLMVYNLLLHAKLRIGADPRNLLQVLKEMEMSGINP","N","N","NN",0.05,0.65,0.05,0.25
"293","Mp1g25580",3,"NLLTFNFLLRAIFRHRDSIMAEKIIARMEQRGPEA","N","D","ND",0.05,0.25,0.15,0.55
"294","Mp1g25580",4,"DGDSYNFVIVLCALDRRLDAGLKHLQSMYNRGYVP","N","S","NS",0.15,0.55,0.05,0.25
"295","Mp1g25580",5,"SKTTYNELLLTATRLHRTRVAVSLLKDLKKYNVAP","N","Q","NQ",0.25,0.25,0.25,0.25
"296","Mp1g25580",6,"QVQSIAELAVAATEVDDSECALLALRVLSESELSK","A","D","AD",0.05,0.05,0.85,0.05
"297","Mp1g25580",7,"DEGGIHAILSCAARAADIELSTEAWSMLRASFRGT","H","R","HR",0.25,0.25,0.25,0.25
"298","Mp1g25580",8,"gap ","","","",0.25,0.25,0.25,0.25
"299","Mp1g25580",9,"gap ","","","",0.25,0.25,0.25,0.25
"300","Mp1g25580",10,"ALAAINCVIQGCSNIWDYDRAYQTFEAIGTTFGLMP","N","D","ND",0.05,0.25,0.15,0.55
"301","Mp1g25580",11,"DVHSCNALLDVFGKNRKTSEVLQIYSYMGEMGIRP","N","D","ND",0.05,0.25,0.15,0.55
"302","Mp1g25580",12,"DSRTYSLIIEAHVVNRDVKAAMESLDALVNAGHTP","S","T","ST",0.85,0.05,0.05,0.05
"304","Mp1g26750",1,"STEVFWTIVNILAVNDRVPEVLLVFEWWKRQDNYTP","W","R","WR",0.25,0.25,0.25,0.25
"305","Mp1g26750",2,"RELHYARFIRMCGHAKLVDRAQKLFDEMVSVGIEP","A","T","AT",0.25,0.25,0.25,0.25
"306","Mp1g26750",3,"TVGTYSCLLQGYAEAGLFHEAKQILEAMLEAGLKP","S","N","SN",0.85,0.05,0.05,0.05
"307","Mp1g26750",4,"NAVTYTGLLHAYGKHGLYNEMAKVFNDMKTYQATQ","T","T","TT",0.65,0.05,0.25,0.05
"308","Mp1g26750",5,"TAVTYSVVVQCYGKGGLFARMEKAFKEMIAKGFAP","S","D","SD",0.05,0.15,0.75,0.05
"309","Mp1g26750",6,"DAVSVNTLVQAYAESGLLKEMERAYSLIKLYRVGI","N","K","NK",0.05,0.65,0.05,0.25
"310","Mp1g26750",7,"KVETVRAVALAYIRKSYFYQLGSFVRHVKRNRTNM","R","N","RN",0.25,0.25,0.25,0.25
"311","Mp1g26750",8,"NLLENLLLLSQAANFSMRGLAREYILLKDAGFRG","L","D","LD",0.25,0.25,0.25,0.25
"312","Mp1g26750",9,"DITSFNIRALAFSKMKMFWDLRVTVLEMQHLAVVP","N","D","ND",0.05,0.25,0.15,0.55
"313","Mp1g26750",10,"DLVTYGAIVDAYVGAGLTEKLPEAMSEMLNLDGLA","G","","G",0.25,0.25,0.25,0.25
"315","Mp1g28660",1,"SWSDLTDCVMEIRNQQNWLLVIQILEWMLQSKQFRA","T","D","TD",0.25,0.05,0.55,0.15
"316","Mp1g28660",2,"DVVCYNLLIEAYGKIGQYTEAEKTFFLLRKSFVAP","N","T","NT",0.05,0.65,0.05,0.25
"317","Mp1g28660",3,"TEMSYNMLMGAYSKAGLLDKAERLFDQMKEDKYIP","N","D","ND",0.05,0.25,0.15,0.55
"318","Mp1g28660",4,"DLSTYNIFLEVLAKAGKYKKAERVFSEMKAN","N","S","NS",0.15,0.55,0.05,0.25
"319","Mp1g28660",5,"SAATYTSMINIYGRARLPEMAEKLYSSMRDSDCPP","T","T","TT",0.65,0.05,0.25,0.05
"320","Mp1g28660",6,"TLYTMTALINAYAKEGLCEKAEEAFHNIKALGLEP","T","D","TD",0.25,0.05,0.55,0.15
"321","Mp1g28660",7,"DVYSYNALMGAYSHGGFPAGASEVFDAMKDDGIDP","N","D","ND",0.05,0.25,0.15,0.55
"322","Mp1g28660",8,"DQVSYNILIDAFSRAGQSEEAERVFKIMKDHGFQP","N","T","NT",0.05,0.65,0.05,0.25
"323","Mp1g28660",9,"TSRSYMLLLKGLLRAGQVMKAENLIKGMEADGRKP","M","D","MD",0.25,0.25,0.25,0.25
"324","Mp1g28660",10,"DTFMYNSLLHAKGTRGNFVEVERLFNVMKSGSRSRP","N","D","ND",0.05,0.25,0.15,0.55
"325","Mp1g28660",11,"DISTYNILININAQAGFIDKAENIFNNLEREGLVP","N","N","NN",0.05,0.65,0.05,0.25
"326","Mp1g28660",12,"NVTTWTSLMGAYSKRKLFKKCLNVWDRMIKARCVP","T","","T",0.25,0.25,0.25,0.25
"328","Mp2g04070",1,"KNHHVSQVLRSLQDADVALEFFNWNKTQDGYKH","S","D","SD",0.05,0.15,0.75,0.05
"329","Mp2g04070",2,"DGLNYNMMIGKLAHAHKLQFIVPMVQEMHDEGWHL","N","H","NH",0.05,0.25,0.05,0.65
"330","Mp2g04070",3,"HSNTLTTLIVKYNRTTKFPEVLEIFDKYGSQA","T","S","TS",0.65,0.05,0.25,0.05
"331","Mp2g04070",4,"SVGVYTCLIDALSKRGDFDKFGKYYSRMVESGCKL","T","D","TD",0.25,0.05,0.55,0.15
"332","Mp2g04070",5,"DLTAYNILLRAFGRAKNVEKVCCLFQNMKDDGHKP","N","D","ND",0.05,0.25,0.15,0.55
"333","Mp2g04070",6,"DMYTYGFLVSSLARAGRIDEALGYFKEMKDTGYTP","G","D","GD",0.05,0.05,0.85,0.05
"334","Mp2g04070",7,"DVPSYNILIDCLGKAGKGDEACDLFDELIQMEIKP","N","D","ND",0.05,0.25,0.15,0.55
"335","Mp2g04070",8,"DVVTYNTIFDCLGKAGRVNDVFIRYKEMQAGGVEP","N","D","ND",0.05,0.25,0.15,0.55
"336","Mp2g04070",9,"DAVTCSILVDTLGKAGRLEKACDLFLEMTKT","S","D","SD",0.05,0.15,0.75,0.05
"337","Mp2g04070",10,"DVVVYNSMLNRLGKAGRVDQLFRLFNEMKQSEQPP","N","D","ND",0.05,0.25,0.15,0.55
"338","Mp2g04070",11,"DLVSFNIVIDALCKGQEFQKVHQVVNEMKNLGFKP","N","D","ND",0.05,0.25,0.15,0.55
"339","Mp2g04070",12,"DVVTYNNLIHSFGKAGKVARASKIFKEMLKAGLVP","N","D","ND",0.05,0.25,0.15,0.55
"340","Mp2g04070",13,"DHISYNIMINVLGKARKSDNAFKVLKDMKKRGMMP","N","D","ND",0.05,0.25,0.15,0.55
"341","Mp2g04070",14,"DVITYNRLIDTFGKAGDSKAAAQLFREMQENNISP","N","D","ND",0.05,0.25,0.15,0.55
"342","Mp2g04070",15,"DLITYTVLINGLANEGKMDSAKKVYREMRDKGHQP","T","D","TD",0.25,0.05,0.55,0.15
"343","Mp2g04070",16,"DVITFNCLITGYVREGRINEANELLIRMKGLHCKP","N","T","NT",0.05,0.65,0.05,0.25
"345","Mp2g04620",1,"QSSLWDQMMKQLEHRGARGKALQVFRFLQGHSTCVL","D","S","DS",0.25,0.25,0.25,0.25
"346","Mp2g04620",2,"SEHNHLTIIGILGRDGKMALAREIFDGMKGAEIAP","L","S","LS",0.25,0.25,0.25,0.25
"347","Mp2g04620",3,"SVLSYTALICGYAKQGLVKKALEVFSLMQSEGCSP","T","N","TN",0.65,0.05,0.25,0.05
"348","Mp2g04620",4,"NIITYNTIIHACAKSEVGLEKVAGLFEELQMKGLKP","N","D","ND",0.05,0.25,0.15,0.55
"349","Mp2g04620",5,"DDITYNSMINAYISGNLLEKASQVLEAMRKDKYVP","N","N","NN",0.05,0.65,0.05,0.25
"350","Mp2g04620",6,"NVVTYTSLVNAYGKAGQLEIAVELFEDMKKNGCAP","T","N","TN",0.65,0.05,0.25,0.05
"351","Mp2g04620",7,"NTWTYNALLKAYGNEGLYEKASVLYKEMGCAGCVP","N","T","NT",0.05,0.65,0.05,0.25
"352","Mp2g04620",8,"TLYTFNTVLDLYGRGELFVEAENVLVDIQKTGLSP","N","D","ND",0.05,0.25,0.15,0.55
"353","Mp2g04620",9,"DRVTYNTLIYSYSKAGHIGKALEVLGKMTNDGCRP","N","D","ND",0.05,0.25,0.15,0.55
"354","Mp2g04620",10,"DLWTYNILLDATAKHGSTEEVIQLYNDLKEAGHKP","N","N","NN",0.05,0.65,0.05,0.25
"355","Mp2g04620",11,"NVVSYGTLINMYGRAGQYMEAEEVWVEMCKAGCTP","G","N","GN",0.65,0.25,0.05,0.05
"356","Mp2g04620",12,"NVFVFSALINSYAQHGLYEEAQTVFNDMLKAGVRP","S","D","SD",0.05,0.15,0.75,0.05
"357","Mp2g04620",13,"DVRSYTVLMDAYGRAGLCNHMQRILAEMEGSGFVP","T","D","TD",0.25,0.05,0.55,0.15
"359","Mp2g04680",1,"GPHAYHGLIVAYTRAKDSEGAVQALRREVGAGEKP","H","L","HL",0.25,0.25,0.25,0.25
"360","Mp2g04680",2,"LPETFVAMARLFGSQGQALRGTEILGAMEKLNLD","V","P","VP",0.25,0.25,0.25,0.25
"361","Mp2g04680",3,"PRVAWLVLVEELHKAGLLAEANEIFLKGADGGMKG","L","T","LT",0.25,0.25,0.25,0.25
"362","Mp2g04680",4,"TVPLYNLLIEENAKVGDHGNAINIMRALEYAGFQP","N","T","NT",0.05,0.65,0.05,0.25
"363","Mp2g04680",5,"TTFHYNCLLMCQANANVPDVAASTFEEMLYGEDIVK","N","D","ND",0.05,0.25,0.15,0.55
"364","Mp2g04680",6,"DTESYNWLLQSHIRHNYGDRCQEVIDLLGEMIEDHKRV","N","N","NN",0.05,0.65,0.05,0.25
"365","Mp2g04680",7,"NMRTYALLIECFTKYNVANEAVRHFRALSRL","A","N","AN",0.75,0.05,0.05,0.15
"366","Mp2g04680",8,"NGDPLSLYLRSLCLEGRALDLLEALEAMVKDSQPI","S","","S",0.25,0.25,0.25,0.25
"369","Mp2g09100",1,"RPSHVVRVLERQTDVKLALSFFKWAGQQPGYKH","V","K","VK",0.25,0.25,0.25,0.25
"370","Mp2g09100",2,"KSVSYKAMVDILGRAKMFVEIQTLLDEMVAAGCQM","K","T","KT",0.25,0.25,0.25,0.25
"371","Mp2g09100",3,"TPGFHTKLAQSYGSAGLWEPAVASLAGMSSIGCKP","T","N","TN",0.65,0.05,0.25,0.05
"372","Mp2g09100",4,"NTHAYNGLMNSLVKGGHTEGAYMVYQRMLDLGCRP","N","D","ND",0.05,0.25,0.15,0.55
"373","Mp2g09100",5,"DTYTLGILIRGLCKTGKVDEALVLLSKMKGD","G","S","GS",0.25,0.25,0.25,0.25
"374","Mp2g09100",6,"SVTVYNMLLDGLGRAGKVDEASKMFEEMASNGSTP","N","D","ND",0.05,0.25,0.15,0.55
"375","Mp2g09100",7,"DVVSYNTMIDLYGKSGKVDDALSLFERLKEKRCSP","N","D","ND",0.05,0.25,0.15,0.55
"376","Mp2g09100",8,"DVVTYTSLIDLLCKKGMLDEAYKFFGEMKNEGHAP","T","D","TD",0.25,0.05,0.55,0.15
"377","Mp2g09100",9,"DVVTYTALMDSLCKIGRDHEALKLLEAMEAGDCTP","T","D","TD",0.25,0.05,0.55,0.15
"378","Mp2g09100",10,"DVITYTAMLYNLRKIGKGEKASKIYTRMIQNGCVP","T","D","TD",0.25,0.05,0.55,0.15
"379","Mp2g09100",11,"DLVTFNALLTSVGRLGDVDGAFKVYADLQDMGFKP","N","D","ND",0.05,0.25,0.15,0.55
"380","Mp2g09100",12,"DVCTYNALIEVLCKAEDVEEAFNVFQKMVDDGCSP","N","D","ND",0.05,0.25,0.15,0.55
"381","Mp2g09100",13,"DLITHTELLKGLTKAGRINEACRYFRNMVQLHCVP","T","D","TD",0.25,0.05,0.55,0.15
"382","Mp2g09100",14,"DVIAYNTLIHGLVKSGQIDDAHQLFKHMKGKACKP","N","D","ND",0.05,0.25,0.15,0.55
"383","Mp2g09100",15,"DLVTYKLLVEAFCNNDQVHLALEFAEEIEEG","K","D","KD",0.25,0.25,0.25,0.25
"384","Mp2g09100",16,"DMVFKTMLLNSLARGGHIDDAYKLFSDMANKGWKL","T","D","TD",0.25,0.05,0.55,0.15
"385","Mp2g09100",17,"DVKSCNSLINGLGKAGNLDAAWQIYLYLQEAGIKA","N","T","NT",0.05,0.65,0.05,0.25
"386","Mp2g09100",18,"TAVTYTTLIDVLCKADKVGDATKLFGEMKDNGCEP","T","D","TD",0.25,0.05,0.55,0.15
"387","Mp2g09100",19,"DVVTYSALIDGLCKSGDLDEAERLFGKMTREGVSG","S","N","SN",0.85,0.05,0.05,0.05
"388","Mp2g09100",20,"NVVTFTALIRGLGKAGRLDEAEEVYEAMQASGCKP","T","D","TD",0.25,0.05,0.55,0.15
"389","Mp2g09100",21,"DVVTYNILLDALCKGGKTDEAWKLFKEVKRG","N","D","ND",0.05,0.25,0.15,0.55
"390","Mp2g09100",22,"DLVTYNTMLAGLHRAGRIRDAYKVSEEMTRLGFVP","N","D","ND",0.05,0.25,0.15,0.55
"392","Mp2g11150",1,"STKDGNLMLRALAAEQMTWPLISLFQWMRLHDPCLL","N","D","ND",0.05,0.25,0.15,0.55
"393","Mp2g11150",2,"DSRSFCIVFTYLGKVAMVDEALTLYRNMPADSKFH","C","A","CA",0.25,0.25,0.25,0.25
"394","Mp2g11150",3,"AVQVYNALIAALARCDRGDSITAVLEDMKQRKVER","N","D","ND",0.05,0.25,0.15,0.55
"395","Mp2g11150",4,"DTVTYSVLITATQKETETVQRVWSVFDDMLANGVNP","S","D","SD",0.05,0.15,0.75,0.05
"396","Mp2g11150",5,"DLAVFGNIIKAFCYGGYHKQASLISVSMEKMGLKP","G","N","GN",0.65,0.25,0.05,0.05
"397","Mp2g11150",6,"NVIIYNTLIDAYGKAGQLEEAEGLLLEMTSRGLQP","N","T","NT",0.05,0.65,0.05,0.25
"398","Mp2g11150",7,"TASTYNSLINGYGKNGQCDVAEELMLDMQRQGLKP","N","D","ND",0.05,0.25,0.15,0.55
"399","Mp2g11150",8,"DVYTFTSLIRAYGKQQLTEKAVNVFLRMRKIGIIP","T","T","TT",0.65,0.05,0.25,0.05
"400","Mp2g11150",9,"TTHTYTALINAYSEGGWHDRAEKTFADMLQEGLKP","T","T","TT",0.65,0.05,0.25,0.05
"401","Mp2g11150",10,"TIETYTALLDAYRRAGRVDMVLKVWTAMREEGCEL","T","T","TT",0.65,0.05,0.25,0.05
"402","Mp2g11150",11,"TEVTYNTLMDAFAKQGRFNEVRDVFAAMRANGMEP","N","D","ND",0.05,0.25,0.15,0.55
"403","Mp2g11150",12,"DLLAYNMLLNAYGRAGMQSKLPKIVREMRIAGHKP","N","D","ND",0.05,0.25,0.15,0.55
"404","Mp2g11150",13,"DSFTYCTLIYASLRLRDFTGAFKWEREMSENGQRP","C","D","CD",0.05,0.05,0.85,0.05
"406","Mp2g13030",1,"NVFFVCEVMKHNGEVNESMGFFRWAQKQTGFKH","C","N","CN",0.75,0.05,0.15,0.05
"407","Mp2g13030",2,"NSYTYTVLLGLLGDAGRLDEMTGLLQEMRSEGVTA","T","S","TS",0.65,0.05,0.25,0.05
"408","Mp2g13030",3,"SVVTYITLIKSYGKASMIKEALEVLDQMQRHGCQP","I","T","IT",0.25,0.25,0.25,0.25
"409","Mp2g13030",4,"TVHVYNRLMDVFVTTGSHDLAEQMWKQMQQSGCPP","N","D","ND",0.05,0.25,0.15,0.55
"410","Mp2g13030",5,"DKRTYQSLIEVLDKAGNRTAVFKTFREMLGRRINP","Q","T","QT",0.25,0.25,0.25,0.25
"411","Mp2g13030",6,"TLPTYNIVMSLYGQAGEVDTVVKLFHEMTERGPKP","N","N","NN",0.05,0.65,0.05,0.25
"412","Mp2g13030",7,"NLATYDILIKSFAKVGDVNGACSLFDTMAEANCYP","D","I","DI",0.25,0.25,0.25,0.25
"413","Mp2g13030",8,"IVLTYSILIKGLGSIGKVDMAVDFFRRMIKQGHIA","S","D","SD",0.05,0.15,0.75,0.05
"414","Mp2g13030",9,"DDVAYLTLIDILGKAGRMEDVLNLLQEMKTQGGVA","L","N","LN",0.25,0.25,0.25,0.25
"415","Mp2g13030",10,"NVFVYNSVINSLGKAGKVDMALKLFEDMAQSGCAP","N","D","ND",0.05,0.25,0.15,0.55
"416","Mp2g13030",11,"DVVTFTSVVDILGKTGRVDEAYKYFQRMKAEGCEA","T","D","TD",0.25,0.05,0.55,0.15
"417","Mp2g13030",12,"DVVVYTTLIDCFGKVGDMDRALNLFQEMKLLKFSP","T","S","TS",0.65,0.05,0.25,0.05
"418","Mp2g13030",13,"SVVTYNVMLDLLAKAGNMDEASKLLRELKATGARP","N","D","ND",0.05,0.25,0.15,0.55
"419","Mp2g13030",14,"DIVTYGVMMDGFGKLGNLSAADNLFIELKSKGFAP","G","S","GS",0.25,0.25,0.25,0.25
"420","Mp2g13030",15,"SEVIYNIHIKNHGKAGNDESVGRLFMEMKSCGFKP","N","N","NN",0.05,0.65,0.05,0.25
"421","Mp2g13030",16,"NTRIYNSVIDCYAKKRKKEAAMDVFQEMTKAGVKP","N","N","NN",0.05,0.65,0.05,0.25
"423","Mp2g13600",1,"SPHLVLLIVKRISGDAMLAWNFFRWARQKSSNRF","L","S","LS",0.25,0.25,0.25,0.25
"424","Mp2g13600",2,"SLRAYAVLLECLGRARNLELVEEVMKLVVEDGHRK","A","S","AS",0.25,0.25,0.25,0.25
"425","Mp2g13600",3,"SIWPYNIVLKCFADNVDTALHFWGLMKQVECRP","N","T","NT",0.05,0.65,0.05,0.25
"426","Mp2g13600",4,"TVVTYTRLIDILVRHGRIEAASEIFKEMLQAGCPP","T","N","TN",0.65,0.05,0.25,0.05
"427","Mp2g13600",5,"NISTYNVLIHAFGEAGQPEAALDLFDKLSELGCKP","N","N","NN",0.05,0.65,0.05,0.25
"428","Mp2g13600",6,"NYSTFHTLIAMHVKAGNREAALKYYNMLKDAGLDV","H","","H",0.25,0.25,0.25,0.25
"429","Mp2g13600",7,"YPRLVVQVLQRVKSPETALKFFDWAGRQPNFQH","V","N","VN",0.85,0.05,0.05,0.05
"430","Mp2g13600",8,"NEFTYSKIISILGRSLVNSETIDRILTDMQQRGIKI","S","N","SN",0.85,0.05,0.05,0.05
"431","Mp2g13600",9,"NSQIFTALITCYGRAKSIDGALQLFQQMKEWGCTP","T","D","TD",0.25,0.05,0.55,0.15
"432","Mp2g13600",10,"DTITYTSLIHLLAKHGRHEHATEMFKEMQQAGCAP","T","N","TN",0.65,0.05,0.25,0.05
"433","Mp2g13600",11,"NALTYSVIIYNHLKSGQVTEALELLTKMPELGCKP","S","T","ST",0.85,0.05,0.05,0.05
"434","Mp2g13600",12,"TSITYASLIHHCAKNGQVDVAKELMERMESQGLKP","A","L","AL",0.25,0.25,0.25,0.25
"436","Mp2g16190",1,"TSETYNAMLGILCESRKFTSIFFVLEDMHEEGCNL","N","T","NT",0.05,0.65,0.05,0.25
"437","Mp2g16190",2,"TADTCMKMAKTFGSAGLVERALHALNHMTRLGSPP","M","T","MT",0.25,0.25,0.25,0.25
"438","Mp2g16190",3,"TAQQYNTLVNALLKNQHFYKAYIAYTEMVRSGCEV","N","D","ND",0.05,0.25,0.15,0.55
"439","Mp2g16190",4,"DSHTFKLLIRELDRAGKVDLASQLYNEMVAKGCEP","K","D","KD",0.25,0.25,0.25,0.25
"440","Mp2g16190",5,"DAEISSVLIGVLCKAGRVDDAVLLFERMKNDGIRP","S","N","SN",0.85,0.05,0.05,0.05
"441","Mp2g16190",6,"NASRYNTLIRYLGKDNKVEKALEIFDELRCHGSLP","N","D","ND",0.05,0.25,0.15,0.55
"443","Mp2g23220",1,"DPKEYAKMISTAGKLNQLDLATTLFKQMELKGVKR","A","I","AI",0.25,0.25,0.25,0.25
"444","Mp2g23220",2,"IPITCNALISAYSKNNQADQAIALFKEMQET","N","T","NT",0.05,0.65,0.05,0.25
"445","Mp2g23220",3,"TLVTYNTLIAMYSKLSVQDMELYFEACKEAGFFP","N","D","ND",0.05,0.25,0.15,0.55
"446","Mp2g23220",4,"DRLTYNSLIWGYMRAGMFDKMEEIYEQLMKAGCKP","N","D","ND",0.05,0.25,0.15,0.55
"447","Mp2g23220",5,"DPITFSALIIGFSKASALDKMEAAFSHMQEEGFAI","S","N","SN",0.85,0.05,0.05,0.05
"448","Mp2g23220",6,"NAMIAEIMVEFYAAERHFEKMERIMKIVANTPGTSC","E","T","ET",0.25,0.25,0.25,0.25
"449","Mp2g23220",7,"TSRIYGLAIEAYAQTRRIEEMERTIDVMLASRRLFT","G","T","GT",0.05,0.85,0.05,0.05
"450","Mp2g23220",8,"TPKTLESVIEAYGEKSDFEGLEKTLTRVKGLGWTY","E","Q","EQ",0.25,0.25,0.25,0.25
"451","Mp2g23220",9,"QLTTFHTLLHEYGKGRMFDKMEDVFDEMKRA","H","T","HT",0.25,0.25,0.25,0.25
"452","Mp2g23220",10,"TAETYQILADSYDSAGEGDMLMRTVERMREAGFNT","Q","","Q",0.25,0.25,0.25,0.25
"454","Mp3g05190",1,"PPDTYVAMFYKLVNSKEISKPGNMEEARALLTDMSQRGWNV","V","S","VS",0.25,0.25,0.25,0.25
"455","Mp3g05190",2,"SCIYFNILISKMCRLGQTEAAKKLLEEMIEGGPSP","N","D","ND",0.05,0.25,0.15,0.55
"456","Mp3g05190",3,"DVITYSTFISGLCKAGQITEAFQVFDTMKANNCAP","S","N","SN",0.85,0.05,0.05,0.05
"457","Mp3g05190",4,"NTITYNTLIHHVGKVGRVGDGCKLFQEMKNSASRP","N","D","ND",0.05,0.25,0.15,0.55
"458","Mp3g05190",5,"DLVTYTCLISGLCKAGRIEEALHKFHDLKTEGLSA","T","D","TD",0.25,0.05,0.55,0.15
"459","Mp3g05190",6,"DVVIYNTLMDGLGKAGRTEEAGELLGMMKANGVKA","N","D","ND",0.05,0.25,0.15,0.55
"460","Mp3g05190",7,"DLVTYNTLIDGVGKEGRMDMAFSFFEEMKAREIEP","N","D","ND",0.05,0.25,0.15,0.55
"461","Mp3g05190",8,"DVVTYSILIDAVGKAGHAEDASQLIDEMLELGCAP","S","N","SN",0.85,0.05,0.05,0.05
"462","Mp3g05190",9,"NLVTWNSLINGLVKAGQIDEAERVFNKMTVNGCVP","N","D","ND",0.05,0.25,0.15,0.55
"463","Mp3g05190",10,"DVVTYNSLIDGLGKSGKVETACHLFKEMKNKSCTP","N","D","ND",0.05,0.25,0.15,0.55
"464","Mp3g05190",11,"DLVTYNSLINGLGRAGYVEESYKLYGKLTNKGYPL","N","D","ND",0.05,0.25,0.15,0.55
"465","Mp3g05190",12,"DVVTYNILIDSLGKAGLVEAAWEVLAEMKARNFEP","N","D","ND",0.05,0.25,0.15,0.55
"466","Mp3g05190",13,"DVFTYNTLINALGKAGQVAEACELFEEMKQKKCVS","N","D","ND",0.05,0.25,0.15,0.55
"467","Mp3g05190",14,"DVVTYNTLIHGLGKAGFVDKAWKVFEEMQADGCVP","N","D","ND",0.05,0.25,0.15,0.55
"468","Mp3g05190",15,"DALTYDSLIHCLRKAGKTDLAFTVLREMERKGFRA","D","K","DK",0.25,0.25,0.25,0.25
"469","Mp3g05190",16,"KAVVINNVINSLVRSGQAEKASKFLDVLRSKGFVHV","N","","N",0.25,0.25,0.25,0.25
"471","Mp3g12830",1,"NSYCVTAVIQQISDPSLALKFFNWAKQRQGFKH","T","T","TT",0.65,0.05,0.25,0.05
"472","Mp3g12830",2,"TVFTYTSMISLLGRARNLQGVRTLLEEMHEDGCEP","T","T","TT",0.65,0.05,0.25,0.05
"473","Mp3g12830",3,"TSVTYNTLILIYGKLKSLSESLRVFRIMKEAGCKP","N","D","ND",0.05,0.25,0.15,0.55
"474","Mp3g12830",4,"DNVTYSILIHLCVKSGFIPEALKLYRAMLEAGIKP","S","D","SD",0.05,0.15,0.75,0.05
"475","Mp3g12830",5,"DTITYSIVINSLGKSGDLSQARKLFREMKEMGCVP","S","N","SN",0.85,0.05,0.05,0.05
"476","Mp3g12830",6,"NEFTYNSMIDSHAKSRQTEYALKYYQEMRDNGFLL","N","N","NN",0.05,0.65,0.05,0.25
"477","Mp3g12830",7,"NSVICTTVMSVLATLGQFTEAEALFREMEQTGIVG","T","D","TD",0.25,0.05,0.55,0.15
"478","Mp3g12830",8,"DTAAYSLMINMWGQAGNLDKAVSWYGIMLGNMVTP","S","S","SS",0.85,0.05,0.05,0.05
"479","Mp3g12830",9,"SLSVFTSLVNAHLELHLYEGAQHFLTSMSMWGISP","T","D","TD",0.25,0.05,0.55,0.15
"480","Mp3g12830",10,"DLKVYTSLLRHCTGCDRQDHVDAVLGLMDRLGHPA","T","","T",0.25,0.25,0.25,0.25
"482","Mp3g16970",1,"INLHYNHMIQEFGNQGNLQAAFTIFSSMEEANIKP","N","D","ND",0.05,0.25,0.15,0.55
"483","Mp3g16970",2,"DMYTYRTLIDACAHQGDASKATAVFKEIIQSGNQP","R","N","RN",0.25,0.25,0.25,0.25
"484","Mp3g16970",3,"NVYVYNSLMNVHAGDAEVVWQLYEDMRRVGVEP","N","D","ND",0.05,0.25,0.15,0.55
"485","Mp3g16970",4,"DLATYNIMLKSCSVSKCAERAKALYSDMEAGAATTGLKL","N","D","ND",0.05,0.25,0.15,0.55
"486","Mp3g16970",5,"DVFTYTTAIHIFGEAKMWDLALKVKEDMIDAGVTP","T","N","TN",0.65,0.05,0.25,0.05
"487","Mp3g16970",6,"NVITWTALLGACANVGMVEQAFNIFSEMLVAGCPP","T","N","TN",0.65,0.05,0.25,0.05
"488","Mp3g16970",7,"NSQTYNMLINACCEANQHDRAFLLFKEWKNTGKIL","N","N","NN",0.05,0.65,0.05,0.25
"489","Mp3g16970",8,"NLVTYNTLMKACGQEPKLVKEVMDNIISAGLTP","N","D","ND",0.05,0.25,0.15,0.55
"490","Mp3g16970",9,"DRTSWSTLIDAYGSKGYLEEAINVFRSMKDVGITP","S","D","SD",0.05,0.15,0.75,0.05
"491","Mp3g16970",10,"DLVAYTSIIKACVEARDSDMAFQFFRELKGVGLRP","T","N","TN",0.65,0.05,0.25,0.05
"492","Mp3g16970",11,"NKVTYNTLFRAQRTCRKLCEVQRALALYEEMRDAGFAP","N","N","NN",0.05,0.65,0.05,0.25
"494","Mp3g17150",1,"TLNTYNMLISVCREARDVDAGLRALSAAEKSGFKP","N","D","ND",0.05,0.25,0.15,0.55
"495","Mp3g17150",2,"DAILYTTLISTCAKAAKVDIAFKVYHDMEAAGVVP","T","N","TN",0.65,0.05,0.25,0.05
"496","Mp3g17150",3,"NIQTYGSLIDGCARAGQIAKAFGVYGIMLSKQVKP","G","D","GD",0.05,0.05,0.85,0.05
"497","Mp3g17150",4,"DIAIFNTLINACGRAGALERAFDVLADMKGEPCFL","N","N","NN",0.05,0.65,0.05,0.25
"498","Mp3g17150",5,"NHVTYGALIMACAKAGQVERAFEVYRSMRKSGTKG","G","T","GT",0.05,0.85,0.05,0.05
"499","Mp3g17150",6,"TLECYTAAVHACSQTGDLDLAHTVLEDMKVDGMQP","T","D","TD",0.25,0.05,0.55,0.15
"500","Mp3g17150",7,"DEIFFSALVDVAGQATDLEGAFKILDEMKEFGLTP","S","K","SK",0.25,0.25,0.25,0.25
"501","Mp3g17150",8,"KSITYSAVMGVCSNTGNWERALNLYHEIKESGLVP","S","T","ST",0.85,0.05,0.05,0.05
"502","Mp3g17150",9,"TVSTFNALITALSNAKQINPAFSVLEEMKGVGVMP","N","D","ND",0.05,0.25,0.15,0.55
"503","Mp3g17150",10,"DQITYSILLAACETLDEPDIGFQLYAKARGEGLVP","S","N","SN",0.85,0.05,0.05,0.05
"504","Mp3g17150",11,"NQSICDSVIGMCYARIRQRLPAPGYLETRGVLAGSS","D","T","DT",0.25,0.25,0.25,0.25
"506","Mp3g17160",1,"TLQTFNMLISVCREARDVDGGLKALSVAEKSGVKP","N","D","ND",0.05,0.25,0.15,0.55
"507","Mp3g17160",2,"DAILYTTLISTCAKAGKVDIAFKVYHDMEAAGVLP","T","N","TN",0.65,0.05,0.25,0.05
"508","Mp3g17160",3,"NIKTYGSLIDGCARAGQVAKAFGVYGIMLSKQVKP","G","D","GD",0.05,0.05,0.85,0.05
"509","Mp3g17160",4,"DLAIFNTLINACGRAGSLERAFDVLADMKREPCFL","N","N","NN",0.05,0.65,0.05,0.25
"510","Mp3g17160",5,"NHVTYGALMSACAKSGQVERAFDVYRSMRKSGMKG","G","T","GT",0.05,0.85,0.05,0.05
"511","Mp3g17160",6,"TPECYTAAVHACSQTGDIDLALTVLEDMKKDGVQP","T","D","TD",0.25,0.05,0.55,0.15
"512","Mp3g17160",7,"DEILFSALVDVAGHANDVDGAFKILDNMKAFGMSP","S","N","SN",0.85,0.05,0.05,0.05
"513","Mp3g17160",8,"NSITYSAVMGVCSNTGNWERALKLYHEIRARGLLP","S","T","ST",0.85,0.05,0.05,0.05
"514","Mp3g17160",9,"TVSTFNALITALSDAKQTHEAFSVVDEMKGARVMP","N","D","ND",0.05,0.25,0.15,0.55
"515","Mp3g17160",10,"DQITYSILLEACQVMHDPDKAFHLYAKAKAEGVVP","S","N","SN",0.85,0.05,0.05,0.05
"516","Mp3g17160",11,"NESICESVIGICYASIRSRLPAPGYLQPRGVVTGP","E","T","ET",0.25,0.25,0.25,0.25
"518","Mp3g21620",1,"DPFHVSEILKRQTDVTLAREFFQWATSQTDYQH","S","N","SN",0.85,0.05,0.05,0.05
"519","Mp3g21620",2,"NSFTYNVMIRLLTLAKDFDAAQGLMEEMYVAGCSP","N","D","ND",0.05,0.25,0.15,0.55
"520","Mp3g21620",3,"DVVTYTILVKGFSAANRYQDALDAFQHMQAVGCKP","T","N","TN",0.65,0.05,0.25,0.05
"521","Mp3g21620",4,"NHVTYVVVMNIFARTGAVDEAWELFNRMRKEGLQP","V","S","VS",0.25,0.25,0.25,0.25
"522","Mp3g21620",5,"SVMSYSLMINCLGRAGNLSAAIALFGDLKASGCKP","S","D","SD",0.05,0.15,0.75,0.05
"523","Mp3g21620",6,"DVFIYTNMIDAHAKAGLFEQAFELYREMLRAGIKP","T","D","TD",0.25,0.05,0.55,0.15
"524","Mp3g21620",7,"DLVTLCAVMDCLGKAGDVVGASRLFDYLKARGYRP","C","D","CD",0.05,0.05,0.85,0.05
"525","Mp3g21620",8,"DSVAYTTIIDIHSKAGFFQKAVELFNEMKAVGVQT","T","N","TN",0.65,0.05,0.25,0.05
"526","Mp3g21620",9,"NTVNYNSMIDCYGRAGNLPAAVDLFREMKASRRAP","N","D","ND",0.05,0.25,0.15,0.55
"527","Mp3g21620",10,"DVQTYGILICHHAKLGLLESCLQLFEEVQRAGLQP","G","N","GN",0.65,0.25,0.05,0.05
"528","Mp3g21620",11,"NSVILIAMVDCFGKVGNFTAALDLFLQMQEMGYPL","I","D","ID",0.25,0.25,0.25,0.25
"529","Mp3g21620",12,"DVICYSRMIDICGKCGHYDKAMDFYHEMQEAGLEP","S","N","SN",0.85,0.05,0.05,0.05
"530","Mp3g21620",13,"NVFTYNALIHCLGKSGNPTAAQEIFTEMQQRGCEP","N","N","NN",0.05,0.65,0.05,0.25
"531","Mp3g21620",14,"NIVTYNTLIDMYSKAGNPDLSLESYRNLLSAGLQP","N","D","ND",0.05,0.25,0.15,0.55
"532","Mp3g21620",15,"DSGTFITLMEVLGKAGLYEDAENMFTKMKECGHDV","I","R","IR",0.25,0.25,0.25,0.25
"533","Mp3g21620",16,"RLPAYNILIDMWGKVGNIEKVTYWHKMLSDSGVVP","N","D","ND",0.05,0.25,0.15,0.55
"535","Mp4g01230",1,"AGYVYNDMTRKLLDCRKLKTAMALMQEMKERKLKP","N","A","NA",0.25,0.25,0.25,0.25
"536","Mp4g01230",2,"AGSSYAELAVQLCKSNDLEAVEKVIADMKASGHKP","A","D","AD",0.05,0.05,0.85,0.05
"537","Mp4g01230",3,"DLYVYTAQMRSFVKDGRADDARKLLVDMKESKVQP","T","D","TD",0.25,0.05,0.55,0.15
"538","Mp4g01230",4,"DGLTYDFLIRVLAKASLSKQPDGRLLGKSLPADNELQRKSAVELEKAFKYLELMKKKGYIP","D","H","DH",0.25,0.25,0.25,0.25
"539","Mp4g01230",5,"HVDTYNCLINLLGKTGQNQRAWALLQEMKEDNCFP","N","D","ND",0.05,0.25,0.15,0.55
"540","Mp4g01230",6,"DVVTYNSLIGNFQKAGQCAEACELFDEMKANGCQP","N","N","NN",0.05,0.65,0.05,0.25
"541","Mp4g01230",7,"NVITYSIMLNVVAGMGNLQQACDLFEEMKTKGCKP","S","N","SN",0.85,0.05,0.05,0.05
"542","Mp4g01230",8,"NEVTYSTLIYALQKSGRAEDAWKLYQEMRDG","S","T","ST",0.85,0.05,0.05,0.05
"543","Mp4g01230",9,"TLVTYVSLIHAFCRAEEMEEAYQLFEEMKAR","V","N","VN",0.85,0.05,0.05,0.05
"544","Mp4g01230",10,"NVITYNIMIDGFKRAGQWMKVFSLFEEMKQRGTPP","N","T","NT",0.05,0.65,0.05,0.25
"545","Mp4g01230",11,"TEITYNLVLDALHKASCWEKILEVFEEMQQA","N","R","NR",0.25,0.25,0.25,0.25
"546","Mp4g01230",12,"RVFAYNLAVDAMVKISHTSQARQLLRKLEVEGPAP","N","D","ND",0.05,0.25,0.15,0.55
"547","Mp4g01230",13,"DLVTYNCVVNGLIKENQLEEAQRLVNDMKSKNVTP","N","N","NN",0.05,0.65,0.05,0.25
"548","Mp4g01230",14,"NQITYSCLIDGFGKAGKWEVAGSLLEEMKQAGCTP","S","N","SN",0.85,0.05,0.05,0.05
"549","Mp4g01230",15,"NIFTCNTFLNALCKDDRLDTAVQFFEEMEKKGCTP","N","D","ND",0.05,0.25,0.15,0.55
"550","Mp4g01230",16,"DVVSYNSLIDGLCRAGSLKEAGELFEQMKEKNCRR","N","D","ND",0.05,0.25,0.15,0.55
"551","Mp4g01230",17,"DVITYNTLVKAYGNEGKVKEAWDLYLEMKKNDCVP","N","D","ND",0.05,0.25,0.15,0.55
"552","Mp4g01230",18,"DTYTYNSLLQALLKTENVKEACNLLREMQQMGHTP","N","N","NN",0.05,0.65,0.05,0.25
"553","Mp4g01230",19,"NVIMYNSILSGLGKLGHIDAAWKLFEEMRTS","N","T","NT",0.05,0.65,0.05,0.25
"554","Mp4g01230",20,"TVCTYNCLIDIFHKGGQLGVAFKLFEEMKQAGCTP","N","D","ND",0.05,0.25,0.15,0.55
"555","Mp4g01230",21,"DVYTYSSLITGLQKAGQLEEAHSLFRDMQAVGCVP","S","N","SN",0.85,0.05,0.05,0.05
"556","Mp4g01230",22,"NVVTYNALIHGYCKAGKIEEAQKLVEEMSQSNCPP","N","N","NN",0.05,0.65,0.05,0.25
"558","Mp4g03380",1,"SVRVATLVFRRLPKVTEPLGFYDWVKKHQPGLEA","T","N","TN",0.65,0.05,0.25,0.05
"559","Mp4g03380",2,"NRPMYHALVQCLLQKRHWAGVETILYEMGSKENCLP","H","D","HD",0.25,0.25,0.25,0.25
"560","Mp4g03380",3,"DGALYRKMIKTASDAGNSKLANKWLQKMLQSGLVP","R","S","RS",0.25,0.25,0.25,0.25
"561","Mp4g03380",4,"SLPTWNLVLAAFARDGRFAEVFSVYEQLKDHDRPA","N","D","ND",0.05,0.25,0.15,0.55
"562","Mp4g03380",5,"DRITYCALLSACRNAGRVHEAREIVAQMKSRGMQP","C","N","CN",0.75,0.05,0.15,0.05
"563","Mp4g03380",6,"NRIVYSVLVDLYGKAGMPDSATATFREMEKAGYEP","S","D","SD",0.05,0.15,0.75,0.05
"564","Mp4g03380",7,"DQVAYNTLIHAYARAGWIEDANDAFDRAIKLGGHI","N","D","ND",0.05,0.25,0.15,0.55
"565","Mp4g03380",8,"DPVIFSTMINMYANVGSVETARDLLEAMKEFQFEK","S","Y","SY",0.25,0.25,0.25,0.25
"566","Mp4g03380",9,"YQYAYSILINAYTRVGQLREPIKLFEEMQAAGYPV","S","N","SN",0.85,0.05,0.05,0.05
"567","Mp4g03380",10,"NDRIYTTMLNVYFKVGRHRCAEALFQDMIETGKCR","T","N","TN",0.65,0.05,0.25,0.05
"568","Mp4g03380",11,"NVVAFGTMINIYGRMGRLEDAVRIFNSLKASGLKG","G","N","GN",0.65,0.25,0.05,0.05
"569","Mp4g03380",12,"NTVIYNTLIYCQGRNGNLSAVEEYVKEMKAAPLEL","N","D","ND",0.05,0.25,0.15,0.55
"570","Mp4g03380",13,"DRVTYSSLIKAYNKSGRPCDAIRTYNEMRSAGVHL","S","D","SD",0.05,0.15,0.75,0.05
"571","Mp4g03380",14,"DKLVVGTMVNTFGKLKRYEELVQLLEDTRQERVWP","G","D","GD",0.05,0.05,0.85,0.05
"573","Mp4g06140",1,"NARDYTKLIERYGKAGRIDDAERLLQEMEANGNII","T","D","TD",0.25,0.05,0.55,0.15
"574","Mp4g06140",2,"DMVTLTVMIGIFGKSRQLERAVKLFDVAKERGFLP","T","D","TD",0.25,0.05,0.55,0.15
"575","Mp4g06140",3,"DTKAYNALMVAYGYAGQPGEAELLLEEMTVAGVIA","N","D","ND",0.05,0.25,0.15,0.55
"576","Mp4g06140",4,"DVETYCGLINGYGRLEQADQAHRVFELMLSRGVKV","C","N","CN",0.75,0.05,0.15,0.05
"577","Mp4g06140",5,"NTKVYTALLDAYGKVGDTDSARAVFDSLRMNGLTP","T","D","TD",0.25,0.05,0.55,0.15
"578","Mp4g06140",6,"DDRAICLMLNAYERRDLLNRAVGMVVELESAGIKP","C","G","CG",0.25,0.25,0.25,0.25
"579","Mp4g06140",7,"GPESLTALIGWFGRLGLVAEAEELFNEMEKNKLRI","T","F","TF",0.25,0.25,0.25,0.25
"580","Mp4g06140",8,"FPKTCAAMYKAYSRAGQLDKAREFTEVMRGKGVAF","A","N","AN",0.75,0.05,0.05,0.15
"582","Mp4g06160",1,"VEAVLRRDLNMCSKGGDVLRALELYDQSVADGIVK","R","N","RN",0.25,0.25,0.25,0.25
"583","Mp4g06160",2,"NQYNFNILLYLCSSASL---PEIMETVTTRGFEIYEHMKRLKV","N","N","NN",0.05,0.65,0.05,0.25
"584","Mp4g06160",3,"NEATLTAVARLAVARGDGDLAFQMVKEMAALNLAP","T","K","TK",0.25,0.25,0.25,0.25
"585","Mp4g06160",4,"KLRSYSPALFTYCKNKAVKEAFEVDAHMVAAGVHP","S","E","SE",0.25,0.25,0.25,0.25
"586","Mp4g06160",5,"EEPELAALLQLCVDTGLADEVYKLLHRLRVKVRAL","A","S","AS",0.25,0.25,0.25,0.25
"588","Mp4g06330",1,"GAYHVNEVLKHQREPDLAWEFFKWAEGQRGYKH","N","D","ND",0.05,0.25,0.15,0.55
"589","Mp4g06330",2,"DVLTYTTMIGILGRVKNFVACNRLLDKMRKEGCQP","T","S","TS",0.65,0.05,0.25,0.05
"590","Mp4g06330",3,"SVVTYNRLIFFYGRANYLGEALKIFHQMQDVGCQP","N","D","ND",0.05,0.25,0.15,0.55
"591","Mp4g06330",4,"DRVTYCTLIDLHSKSGLHDTAMDICDKLLQAGFQL","C","D","CD",0.05,0.05,0.85,0.05
"592","Mp4g06330",5,"DTFSYSLIIHCRGKAGNLSAANKMFNEMLARGITP","S","N","SN",0.85,0.05,0.05,0.05
"593","Mp4g06330",6,"NLVTYNTIIDLHAKTGEYPMALKLYNDMQDAGHRP","N","D","ND",0.05,0.25,0.15,0.55
"594","Mp4g06330",7,"DKVTYSVIMEVLGHSGNTDEAEEVFYEMVREGWTA","S","D","SD",0.05,0.15,0.75,0.05
"595","Mp4g06330",8,"DAPTFGLLVNLWGLAGNVEKASEWYMKMLGSGLTP","G","N","GN",0.65,0.25,0.05,0.05
"596","Mp4g06330",9,"NAPTINSLLGAYLRAHQYPGAMQVLESLAKWGLTP","N","T","NT",0.05,0.65,0.05,0.25
"598","Mp4g11440",1,"SEKTLTHYLLVYTTAFAASFGAEQGWKSFRAVEDMVGVKP","T","N","TN",0.65,0.05,0.25,0.05
"599","Mp4g11440",2,"NSTLFEDLINFFCNQGQVSRGLDILDEMQKRGLTL","E","R","ER",0.25,0.25,0.25,0.25
"600","Mp4g11440",3,"RPTSFSPLIKSFSDHLMLDEAFETIAAMRRLKVEI","S","S","SS",0.85,0.05,0.05,0.05
"601","Mp4g11440",4,"SLEIYNVLIGACVKAGDMEKAYRVLSDLQQQGLQP","N","N","NN",0.05,0.65,0.05,0.25
"602","Mp4g11440",5,"NSESFHQLIKGFAQQKRLKRALGVVQEMDHFGLKP","H","D","HD",0.25,0.25,0.25,0.25
"603","Mp4g11440",6,"DKYTYFVLLRACGSNKDFSEATKLFKVIADLGLES","F","D","FD",0.25,0.25,0.25,0.25
"604","Mp4g11440",7,"DETVLSALIQAHVDNNKLDQVLQLVKKLDMKGTIV","S","G","SG",0.65,0.05,0.25,0.05
"605","Mp4g11440",8,"GVDGKSQILRGLALAGRLDEAIRTYEELGTKGKLP","S","S","SS",0.85,0.05,0.05,0.05
"606","Mp4g11440",9,"SPESVATLLVVLGKAGRMDTMLKIFEEACSPGSWS","A","","A",0.25,0.25,0.25,0.25
"607","Mp4g11440",10,"gap","","","",0.25,0.25,0.25,0.25
"608","Mp4g11440",11,"NRTLYDKIFLQITNSKGDGEEENSINAGDGLALLRA","D","S","DS",0.25,0.25,0.25,0.25
"609","Mp4g11440",12,"SRLAHETLLDHCASMRDSEKAWELVHEMEKECLPL","E","N","EN",0.25,0.25,0.25,0.25
"611","Mp4g18280",1,"DNVPWNCITYLLVKSNCTFSAFRLYQRMLQLGGQP","N","D","ND",0.05,0.25,0.15,0.55
"612","Mp4g18280",2,"DSNTLSVLVDGFSKAGEADLAFRLLDMLPLRGVSP","S","K","SK",0.25,0.25,0.25,0.25
"613","Mp4g18280",3,"KAVTYTRLIDNLGKAGKITAAMKLFEDMKSKECEP","T","T","TT",0.65,0.05,0.25,0.05
"614","Mp4g18280",4,"TPFTYSVLINALGLAGRTKDAYEIFREMDRRRPAV","S","D","SD",0.05,0.15,0.75,0.05
"615","Mp4g18280",5,"DVHVYNSLIHVLGKAGQVDLAHHLFHQMKKKNITP","N","N","NN",0.05,0.65,0.05,0.25
"616","Mp4g18280",6,"NVSTYNILIFALGKADKVSEACGVFEHMKTHGLDP","N","D","ND",0.05,0.25,0.15,0.55
"617","Mp4g18280",7,"DIVTYNTLISVLGKTGGGNRIHDPSSGKNGNSLQFLAYAKVVDCLVKSGLHAAVEVFREMMQNDCGP","N","D","ND",0.05,0.25,0.15,0.55
"618","Mp4g18280",8,"DPVTFNLLLDDLAKEGKLREAHEIFEEMKKNECSL","N","T","NT",0.05,0.65,0.05,0.25
"619","Mp4g18280",9,"TVITYTTLIDGLGKTGQVDKARDLFHEMINEGYAP","T","N","TN",0.65,0.05,0.25,0.05
"620","Mp4g18280",10,"NVVTYTSLMDAFGKAGRVEEALTILEEMLKSDVRP","T","D","TD",0.25,0.05,0.55,0.15
"621","Mp4g18280",11,"DFITYKVLIYSLDKANEAYALYEDLKEKGVVD","K","D","KD",0.25,0.25,0.25,0.25
"622","Mp4g18280",12,"DAPVHEILIDGLVKAGSVEEAFKLFGELKWKGHTP","E","G","EG",0.25,0.25,0.25,0.25
"623","Mp4g18280",13,"GVSTYCLLIDALRKADEVDTACKLLQEMISSGCSL","C","D","CD",0.05,0.05,0.85,0.05
"624","Mp4g18280",14,"DVVAYNLGIDLLGKSGKIVEACRLFEEMEKKGLKP","N","G","NG",0.15,0.55,0.05,0.25
"625","Mp4g18280",15,"GIISYSVLIDGLGKAGRVEEAYIVFKKMKDSDCVM","S","D","SD",0.05,0.15,0.75,0.05
"626","Mp4g18280",16,"DVVTYTILIDLLGKTGKIYEALELFYEMTRRGDTP","T","D","TD",0.25,0.05,0.55,0.15
"627","Mp4g18280",17,"DVVTYSSLIDGLAKADRIDEAHELFLDMTGKGCTP","S","N","SN",0.85,0.05,0.05,0.05
"628","Mp4g18280",18,"NPVTLNSLIHGLCKAGRLEIASKHFEEMDRWGCSP","N","N","NN",0.05,0.65,0.05,0.25
"629","Mp4g18280",19,"NVMVYNTMIDGLAKSGNVKDACFLFGEMEKKGCPP","N","N","NN",0.05,0.65,0.05,0.25
"630","Mp4g18280",20,"NVETYNILISGLGSVGEVTEAWNLFEVMESKGLSP","N","D","ND",0.05,0.25,0.15,0.55
"631","Mp4g18280",21,"DVITFTSLIHGLGRAGEEGAAYKILQVMEEKGCLP","T","N","TN",0.65,0.05,0.25,0.05
"632","Mp4g18280",22,"NIVTYNALINALGKAGKVKEAYKILDEMRARGFSP","N","D","ND",0.05,0.25,0.15,0.55
"634","Mp4g20290",1,"NTSSYTALIGVLGRAQMLDEVERLLADMERQRIPR","T","T","TT",0.65,0.05,0.25,0.05
"635","Mp4g20290",2,"TRLLISTLVNVYGMAGKVEQALQFLTQHQGPP","S","N","SN",0.85,0.05,0.05,0.05
"636","Mp4g20290",3,"NVQSYNALMRTLGNAGLPEQALVVYEKLMESGCAP","N","D","ND",0.05,0.25,0.15,0.55
"637","Mp4g20290",4,"DSYTFGNLISAFGRAGNVREACRIFNDMKRQAFQP","G","N","GN",0.65,0.25,0.05,0.05
"638","Mp4g20290",5,"NVVVYSALINGLCKAGKVDQASQYFDEMKAQGCPP","S","N","SN",0.85,0.05,0.05,0.05
"639","Mp4g20290",6,"NTITYNTLLDGLGKAGRIEEALKLFGEMVEAGHAD","N","D","ND",0.05,0.25,0.15,0.55
"640","Mp4g20290",7,"DVSYRTTLGLYGAAGLIDQAYKVLRLMRESGSAP","T","D","TD",0.25,0.05,0.55,0.15
"641","Mp4g20290",8,"DARTYNILIGSFAKAGKIEEAQTIFRKMKGWNCFP","N","N","NN",0.05,0.65,0.05,0.25
"642","Mp4g20290",9,"NSATYSILIQMLVKAGVWSEAQRLFQEMRSHKLIA","S","D","SD",0.05,0.15,0.75,0.05
"643","Mp4g20290",10,"DAFTYNIFIEASCKLGDVAGACDLLREMLKVGCLP","N","N","NN",0.05,0.65,0.05,0.25
"644","Mp4g20290",11,"NVRTCNILLEAFCKSDAKDKARELFEHMGDWGCSP","N","D","ND",0.05,0.25,0.15,0.55
"645","Mp4g20290",12,"DLASYTIVLEGLSRWGHLDEALQLFAEIREKCVP","T","S","TS",0.65,0.05,0.25,0.05
"646","Mp4g20290",13,"SFSVYASLLHGLGEAGRVDDAWTLFHDMQAVGRPS","A","S","AS",0.25,0.25,0.25,0.25
"647","Mp4g20290",14,"SEGTYNTLVCTLSKAGRLNEAFNLVDEMRRNGCFP","N","N","NN",0.05,0.65,0.05,0.25
"648","Mp4g20290",15,"NANAYNLLIRGLCQIGRLQDCLKVLEEMEDRSCRP","N","D","ND",0.05,0.25,0.15,0.55
"649","Mp4g20290",16,"DSLTYNTLIDSFVQAGDVEEAFKLFQGMSGRKLII","N","R","NR",0.25,0.25,0.25,0.25
"651","Mp4g21410",1,"TDGRAVVLLQMLGARGNWRRAMQVVQWLSTRNQYP","V","S","VS",0.25,0.25,0.25,0.25
"652","Mp4g21410",2,"SRYVFTTLLAVLGKTRRPFEALKVFKTMLEETSIYP","T","D","TD",0.25,0.05,0.55,0.15
"653","Mp4g21410",3,"DMAAYHSIAVTLGQAGFLEELLDLIPSLRKGPR","H","D","HD",0.25,0.25,0.25,0.25
"654","Mp4g21410",4,"DIIIYNAVLNACVSHKDWKCALWVLDEIRREKLHP","N","N","NN",0.05,0.65,0.05,0.25
"655","Mp4g21410",5,"NSASYGLAIEVMVKAGKLNLAFETLEIMEQSGCYP","G","N","GN",0.65,0.25,0.05,0.05
"656","Mp4g21410",6,"NSLTYKVLVEGLGRARKPDAAVALVKRMEQRGMVA","K","T","KT",0.25,0.25,0.25,0.25
"657","Mp4g21410",7,"TSGVYFALASTLCMSGQWKEAVLQVGRLAELSDRP","F","L","FL",0.25,0.25,0.25,0.25
"658","Mp4g21410",8,"LVATYTGLITACEKAGHWEDAISVFQYMQQVCAP","T","N","TN",0.65,0.05,0.25,0.05
"659","Mp4g21410",9,"NIGTYNVMIALYGRHNLFREAKRLYDRLKLGRLSP","N","D","ND",0.05,0.25,0.15,0.55
"660","Mp4g21410",10,"DMFTYDAMLGACAVCSEWESLESTYQEMLSQGYEL","D","T","DT",0.25,0.25,0.25,0.25
"662","Mp4g23470",1,"NPSLVSKVLKVVEDFRLAYGFFKWAGEQQGYEN","S","T","ST",0.85,0.05,0.05,0.05
"663","Mp4g23470",2,"TADVYNIMVGKLAVNGHVEGAVLLLEEMTSKDLKV","N","S","NS",0.15,0.55,0.05,0.25
"664","Mp4g23470",3,"SVVTYTTVIHALCKAGDINAALKLFSEMRTSLCAP","T","N","TN",0.65,0.05,0.25,0.05
"665","Mp4g23470",4,"NVYTYNAVMNGLGKMGRVDEALKLFADMKSTGCSP","N","D","ND",0.05,0.25,0.15,0.55
"666","Mp4g23470",5,"DVVTFNTLIDALGRSGDMNKAGQLFQEMEATGCTP","N","D","ND",0.05,0.25,0.15,0.55
"667","Mp4g23470",6,"DVVTYNSLIHGFGKEGRCSAACAVFEGMKRNGCAP","N","D","ND",0.05,0.25,0.15,0.55
"668","Mp4g23470",7,"DTVTYNTLMDALAKGQMWDLAFELLEEFQKESRFAP","N","G","NG",0.15,0.55,0.05,0.25
"669","Mp4g23470",8,"GAALYTSLIDALCKAKLGKEGFRVFESMQQHGSTP","T","D","TD",0.25,0.05,0.55,0.15
"670","Mp4g23470",9,"DLYTYTTLLVGLGKSGQWDLVRTVVADVKRAGYTL","T","N","TN",0.65,0.05,0.25,0.05
"671","Mp4g23470",10,"NVVTYNSLIDSLGKAGQDEAARRLFAEMEQSGVSP","N","D","ND",0.05,0.25,0.15,0.55
"672","Mp4g23470",11,"DVVTYNSLIAGIGKVGSLEEALELLETMKTRGISP","N","T","NT",0.05,0.65,0.05,0.25
"673","Mp4g23470",12,"TVVTYTSLIDLHIKAGNIKVVWKLLEEMNLKGLKP","T","N","TN",0.65,0.05,0.25,0.05
"674","Mp4g23470",13,"NAVTYRALIDGFCKAGELELAWDFYLNMLDMDYPP","R","H","RH",0.25,0.25,0.25,0.25
"675","Mp4g23470",14,"HLFTYKSLITACHKEGRADKMQELFENIKQKSYGR","K","","K",0.25,0.25,0.25,0.25
"677","Mp5g00440",1,"SAKDATTVMKLLNDKRLCFSFYNWVKQQGTYTA","T","D","TD",0.25,0.05,0.55,0.15
"678","Mp5g00440",2,"DLPFLLAVVRFLLETGKFEKLVHVTQDLFDAGFTL","L","D","LD",0.25,0.25,0.25,0.25
"679","Mp5g00440",3,"DSGTYCRIINQASSKSRITICEWWFQKMKERGCWP","C","D","CD",0.05,0.05,0.85,0.05
"680","Mp5g00440",4,"DAMTYNTMIHAYALARLPDKAFATFEEMNERGIQP","N","D","ND",0.05,0.25,0.15,0.55
"681","Mp5g00440",5,"DIHTFGHLLLACQRKGDAELAHNYFLQMGNYGLSP","G","D","GD",0.05,0.05,0.85,0.05
"682","Mp5g00440",6,"DLVTCSILLDTYGKLGKAAEAAEAFKEMQKAGITP","S","D","SD",0.05,0.15,0.75,0.05
"683","Mp5g00440",7,"DAIAYNSLINAYGKAGMMDEAASTFHEYQKEAGQYP","N","D","ND",0.05,0.25,0.15,0.55
"684","Mp5g00440",8,"DKVVFWTMLHLYTQAGLLQQALSVKKMMRVAGLPV","W","D","WD",0.25,0.25,0.25,0.25
"685","Mp5g00440",9,"DASCYTKLIDGFRRMERWEDAIRGFKEMQRYKYPI","T","D","TD",0.25,0.05,0.55,0.15
"686","Mp5g00440",10,"DPQTYEMMMKIYTKVGHHVECERIFDQMMQKGITK","E","K","EK",0.25,0.25,0.25,0.25
"687","Mp5g00440",11,"KVIFYEIMIQIYKRTKNLTNATRIYELMKRNECQP","E","N","EN",0.25,0.25,0.25,0.25
"688","Mp5g00440",12,"NRNICNTMIHMYAKAGMHLASERIVREMQAAGLKL","N","K","NK",0.05,0.65,0.05,0.25
"689","Mp5g00440",13,"KKDTFLSLIKSYAVYGQFDSARDVYVVMRETGVQP","L","D","LD",0.25,0.25,0.25,0.25
"690","Mp5g00440",14,"DYELAELMVEVFVKVGQVQEAKILLKEIVDAGIKP","E","S","ES",0.25,0.25,0.25,0.25
"692","Mp5g02180",1,"KHEQYVSVLTMLAKNRQPEHAEDILRTMLEEKLPP","V","S","VS",0.25,0.25,0.25,0.25
"693","Mp5g02180",2,"SVEAYTALLSAFVEFGDLDRAVSIFNDMKTQGDCP","T","D","TD",0.25,0.05,0.55,0.15
"694","Mp5g02180",3,"DVYTYSKLIDGFCRAKELSKALELVEEMERNDVPA","S","N","SN",0.85,0.05,0.05,0.05
"695","Mp5g02180",4,"NTVTYNAILKAVGETEPLEVMEDIFEHMMKSSTCP","N","D","ND",0.05,0.25,0.15,0.55
"696","Mp5g02180",5,"DNWSFNILLKALGTRGSIEKMEEWYLRMSEVDVAP","N","N","NN",0.05,0.65,0.05,0.25
"697","Mp5g02180",6,"NIVTMNTLIHCYGLQQHFHKMERVLNHMDRMYFSC","N","N","NN",0.05,0.65,0.05,0.25
"698","Mp5g02180",7,"NEFTYNSMIRAYGNAQRISDMERMYFVMKQSGVKP","N","T","NT",0.05,0.65,0.05,0.25
"699","Mp5g02180",8,"TAYTLTLIITALTKARMWHRIEKVRNEWTNSDLRP","T","D","TD",0.25,0.05,0.55,0.15
"700","Mp5g02180",9,"DVYLYNALLNAYAQYENLHMVQETFEELLQNVEP","N","D","ND",0.05,0.25,0.15,0.55
"702","Mp5g07730",1,"GVTIHTFLIDGYCQVGNLDEAQTHLNLMEMNGCLP","T","N","TN",0.65,0.05,0.25,0.05
"703","Mp5g07730",2,"NVVTYSALINGFVRVGRIDDALKVFDEMEAKNCEA","S","N","SN",0.85,0.05,0.05,0.05
"704","Mp5g07730",3,"NVVTYSALIHGLVKDTRRLPEAWTLFEKMKMKGCAP","S","N","SN",0.85,0.05,0.05,0.05
"705","Mp5g07730",4,"NLITYSCLVHGLVKAGHFEEVNTLLAEMRESGCTP","S","N","SN",0.85,0.05,0.05,0.05
"706","Mp5g07730",5,"NLFIYATLINYFVKVGKLGRAWQLFGRMKEDGLVP","A","N","AN",0.75,0.05,0.05,0.15
"707","Mp5g07730",6,"NLFVFTPIISSLGKAGEWESAQVLLEEMRACGCHP","T","D","TD",0.25,0.05,0.55,0.15
"708","Mp5g07730",7,"DMVAYSALIAGLVKAGRWQEGCKVLEEMQRYGCVP","S","T","ST",0.85,0.05,0.05,0.05
"709","Mp5g07730",8,"TERTYSPLIEGLVKVGEVSKAEELFEEMIAKGCQP","S","T","ST",0.85,0.05,0.05,0.05
"711","Mp5g09810",1,"PMATCNALIEACARNGLAEKSLELLNRMRQHGLQP","N","D","ND",0.05,0.25,0.15,0.55
"712","Mp5g09810",2,"DNVTYSVVIQGCTKAKLDLGTMLKIYDDMKTEKLEV","S","D","SD",0.05,0.15,0.75,0.05
"713","Mp5g09810",3,"DGKLYNDLIVACAIGCDADRAFFFMERLQAGGFEP","N","E","NE",0.05,0.25,0.05,0.65
"714","Mp5g09810",4,"EMKAFMALIQVLGQCGRTTEAEAIFEEMKVFGFVP","M","N","MN",0.25,0.25,0.25,0.25
"715","Mp5g09810",5,"NVRAYNALLAAFTRKGLMRQAEQVVQAIQMAGLNL","N","N","NN",0.05,0.65,0.05,0.25
"716","Mp5g09810",6,"NERSYGLLIDAYARAGRLEQAMCIFESMKVVGVKP","G","N","GN",0.65,0.25,0.05,0.05
"717","Mp5g09810",7,"NAFIYSRLMSMFRDTGQWEGSIEMLREMQEEGIPP","S","N","SN",0.85,0.05,0.05,0.05
"718","Mp5g09810",8,"NKHVYNIIIDTYGKNGQLEAALRVFENMKAENVPR","N","D","ND",0.05,0.25,0.15,0.55
"719","Mp5g09810",9,"DVVTWNSLIEACCKAERFAQVPALYKRMQEDGHSP","N","S","NS",0.15,0.55,0.05,0.25
"720","Mp5g09810",10,"SAHTFNILINHLGSHGDWETVEDFLREMQNMGIVK","N","N","NN",0.05,0.65,0.05,0.25
"721","Mp5g09810",11,"NEVTYTTLVDLYGRSGRFQDAVRCFESMQAGGVKP","T","N","TN",0.65,0.05,0.25,0.05
"722","Mp5g09810",12,"NSAVFCALANAYAQQGMCEQAVNVFRDMEKVGIEP","C","N","CN",0.75,0.05,0.15,0.05
"723","Mp5g09810",13,"NLTMLNLLINAFSVAGKYLEAFAVFDYMREVEISP","N","D","ND",0.05,0.25,0.15,0.55
"724","Mp5g09810",14,"DVVTYTTLMKALIKGRRFEKVPELFEEMVSSGCKP","T","D","TD",0.25,0.05,0.55,0.15
"726","Mp5g15370",1,"TAATIAILLNVLCQAGKLDEAWSPFATKRDL","A","N","AN",0.75,0.05,0.05,0.15
"727","Mp5g15370",2,"NAVLTNTMIHGLCKPGRIEFALELFQQMKEKKLRL","N","","N",0.25,0.25,0.25,0.25
"730","Mp5g15380",1,"DAALYKKMIKIATDYGNTKLANKWLQKMLWSGFVP","K","S","KS",0.25,0.25,0.25,0.25
"731","Mp5g15380",2,"SLLTWNLVLVAFARDGRFAEVFSVYEQLKDHNRPP","N","E","NE",0.05,0.25,0.05,0.65
"732","Mp5g15380",3,"ERIIYCALLSACQNADRVQEAQDIVAHMKCRG","C","","C",0.25,0.25,0.25,0.25
"733","Mp5g15380",4,"gap","","","",0.25,0.25,0.25,0.25
"734","Mp5g15380",5,"gap","","","",0.25,0.25,0.25,0.25
"735","Mp5g15380",6,"gap","","","",0.25,0.25,0.25,0.25
"736","Mp5g15380",7,"NNRIHTTMLNVYFKVGRHRCAEALFLDMIETGKCR","T","N","TN",0.65,0.05,0.25,0.05
"738","Mp5g16850",1,"TVYAHNRLISVLMEGGYHEEAYHIYQDMLLETCKP","N","D","ND",0.05,0.25,0.15,0.55
"739","Mp5g16850",2,"DSHTYVRLIMGFCRAGRIEEAYGIFQDMKNQNCES","V","K","VK",0.25,0.25,0.25,0.25
"740","Mp5g16850",3,"KGIVYNAMIHAVGTAGLVSEALKLLDEMTEADCSP","N","D","ND",0.05,0.25,0.15,0.55
"741","Mp5g16850",4,"DTWTYNSVIHSLGKVGDVNHALRLLETMHVNGCNP","N","D","ND",0.05,0.25,0.15,0.55
"742","Mp5g16850",5,"DVITYNSLISSLGKCGRVVEACKLYEGMVEKGCLP","N","D","ND",0.05,0.25,0.15,0.55
"743","Mp5g16850",6,"DVVTYNTLIPVLCKAGEFSAALNLFKFMQSVGCRP","N","D","ND",0.05,0.25,0.15,0.55
"744","Mp5g16850",7,"DVFTYSSLVVGLCRADRVDDALRLSSQMTLSGCSP","S","N","SN",0.85,0.05,0.05,0.05
"745","Mp5g16850",8,"NTVTFNSWLDGLCKEGRVREAQVLYQKMLTLGYIP","N","D","ND",0.05,0.25,0.15,0.55
"746","Mp5g16850",9,"DVITFSILIDAFCKSGEYLEEAFKLLKLIVKK","S","D","SD",0.05,0.15,0.75,0.05
"748","Mp5g22200",1,"DEITLCAAIHVMVEAGEIGVAMQLHRGVGQD","C","S","CS",0.85,0.05,0.05,0.05
"749","Mp5g22200",2,"SIRAAQTLASALAKCGRLEEAMEVAKNLLDSGRKV","Q","D","QD",0.25,0.25,0.25,0.25
"750","Mp5g22200",3,"DASVYRTITEWACRTGSRNLVTRLWQNVNLSNLNF","R","K","RK",0.25,0.25,0.25,0.25
"751","Mp5g22200",4,"KLQDYTSLMASCSKLGLYEIIDRLYQDFLDSGLEP","T","N","TN",0.65,0.05,0.25,0.05
"752","Mp5g22200",5,"NIVMYTTLLSVLSREGRYREAVALIWEMEEVGCEP","T","D","TD",0.25,0.05,0.55,0.15
"753","Mp5g22200",6,"DLMAYEVMLDVCAKLEDLNRAMKVYKDLKNAGYIP","E","T","ET",0.25,0.25,0.25,0.25
"754","Mp5g22200",7,"TPDFYNTLIQLFVKKGSLSRAKDMTREMSSRGYTP","N","S","NS",0.15,0.55,0.05,0.25
"756","Mp6g03240",1,"GHSSYRALVRAYVHAGLPHEAHVFLSEMKREGFKA","R","S","RS",0.25,0.25,0.25,0.25
"757","Mp6g03240",2,"SLDDYKTLLYAYGRDGYLAEMEKIVEEISTSGLKM","K","D","KD",0.25,0.25,0.25,0.25
"758","Mp6g03240",3,"DKTGYNMMLSAYGQARKFDLVLETLEKMRRMNISC","N","","N",0.25,0.25,0.25,0.25
"760","Mp6g07490",1,"PLIAVKKAIKDLSANGEWRRVIQLTKWMLDKGQGK","K","T","KT",0.25,0.25,0.25,0.25
"761","Mp6g07490",2,"TLATYLTLLEALDHEGRVDEAEVLWEKVFQENMECI","L","P","LP",0.25,0.25,0.25,0.25
"762","Mp6g07490",3,"PRTMFSRMISMYQRYGKPKQLLKVFADMEELGVKP","S","D","SD",0.05,0.15,0.75,0.05
"764","Mp6g12660",1,"DPSMYHTMLLLLGKAKKMEIAELLFDRMKQDGLTP","H","G","HG",0.25,0.25,0.25,0.25
"765","Mp6g12660",2,"GLYEYTALVSGHVRTGSLQRGIAVLNRMKSAGIRP","T","S","TS",0.65,0.05,0.25,0.05
"766","Mp6g12660",3,"SVATYNILVDGCLKVPKGFEIASSLLEQMRKDDLRP","N","D","ND",0.05,0.25,0.15,0.55
"767","Mp6g12660",4,"DRVTYTTMIIVYSRKGHHKEAINIFREMLEQDCHP","T","D","TD",0.25,0.05,0.55,0.15
"768","Mp6g12660",5,"DILTYNAVLNAHGKLGDIQGMLHVHQSMVAQQVDP","N","D","ND",0.05,0.25,0.15,0.55
"769","Mp6g12660",6,"DTVTFNIILSALARAGRTKDVVRFYRLMRKIRVTP","N","D","ND",0.05,0.25,0.15,0.55
"770","Mp6g12660",7,"DVTTCSILVNAYGKVREWKELDSLLAEMESLGLQP","S","D","SD",0.05,0.15,0.75,0.05
"771","Mp6g12660",8,"DLAVYNSLISIYGKAGRFEQVDLLTKSLHSSNNIKF","N","D","ND",0.05,0.25,0.15,0.55
"772","Mp6g12660",9,"DLITYNTLIDVFGKAGRLSDVIKWFSDMRKRGVKP","N","D","ND",0.05,0.25,0.15,0.55
"773","Mp6g12660",10,"DVRTFNALVHAYGRASQYDGVREVLDLFLADGSKP","N","D","ND",0.05,0.25,0.15,0.55
"774","Mp6g12660",11,"DLVFYHTLLFMFGKGAKYDDAWRVIEDMKAEGYTL","H","S","HS",0.25,0.25,0.25,0.25
"775","Mp6g12660",12,"SLEIYNSLLLVFGRSDADEAMKVFKDMIASKVTPN","N","S","NS",0.15,0.55,0.05,0.25
"776","Mp6g12660",13,"SNTFKVLIEVHARKGKVDECLSIYKTSMEYLPEQV","V","N","VN",0.85,0.05,0.05,0.05
"777","Mp6g12660",14,"NESVLSSLLGACCNMRRIEKAEEILSQLEKKRFSV","S","S","SS",0.85,0.05,0.05,0.05
"778","Mp6g12660",15,"SLACFNWLILGYGRQGDWANAEIVLDRMRSQRVTP","N","N","NN",0.05,0.65,0.05,0.25
"779","Mp6g12660",16,"NSQSYTFLLEAYSLCGLFEKADSLSRRMQQEDNLN","T","S","TS",0.65,0.05,0.25,0.05
"780","Mp6g12660",17,"SISACNALLRLYVRSGKPQAALEVFENLLTGKIGR","N","N","NN",0.05,0.65,0.05,0.25
"782","Mp6g14230",1,"HIKCFTLVMPLLGRVRKFNLLEQLLKDMEEKGYVP","T","D","TD",0.25,0.05,0.55,0.15
"783","Mp6g14230",2,"DKIIFTAAMRCYASGFEMQEAMELLAKMKGRGFEP","T","D","TD",0.25,0.05,0.55,0.15
"784","Mp6g14230",3,"DCVTYSVLIQMFSKARLYQEAIKLYEEMLSLGIAT","S","D","SD",0.05,0.15,0.75,0.05
"785","Mp6g14230",4,"DTQLYNCVICTFGKAGRLDLAYKKLEEMRERGHIP","N","D","ND",0.05,0.25,0.15,0.55
"786","Mp6g14230",5,"DQFTYGVLIEGYAKAGRRAFLDLYKEMQHEGIPL","G","N","GN",0.65,0.25,0.05,0.05
"787","Mp6g14230",6,"NEVIFNILFLGISRIGTLEDAEAVFADMEQVGLAA","N","N","NN",0.05,0.65,0.05,0.25
"788","Mp6g14230",7,"NLNAFATLIGMCSKSGKASEAQNWFDKMRSFGLKP","A","T","AT",0.25,0.25,0.25,0.25
"789","Mp6g14230",8,"TMAIANALLDGYARAKQFTEAGKVLDSFLSWGLVP","N","N","NN",0.05,0.65,0.05,0.25
"791","Mp6g14500",1,"TREGIVGTLVRLKQLRVWRSIMEICEWLAEQDWWQF","V","G","VG",0.25,0.25,0.25,0.25
"792","Mp6g14500",2,"GFEDYSLLMMAYGKEGEPEKAEELMKRLVTANHTP","S","N","SN",0.85,0.05,0.05,0.05
"793","Mp6g14500",3,"NIAIYTGLMEAYARTKMYSEAEALMQRLIKEGPPP","T","T","TT",0.65,0.05,0.25,0.05
"794","Mp6g14500",4,"TNLTYHTLMKAYVEGNRLDDAERVFSSMNDE","H","D","HD",0.25,0.25,0.25,0.25
"795","Mp6g14500",5,"DGRSYNLMIHAYGKAGRVAKAHELYQEMKHLKLNI","N","S","NS",0.15,0.55,0.05,0.25
"796","Mp6g14500",6,"SIVTYNTLIASQKNCRDAESIYRQMQAANVRP","N","D","ND",0.05,0.25,0.15,0.55
"797","Mp6g14500",7,"DVYTYTGLMNVYGKARRTEATQNLFDEMVACGIRP","T","T","TT",0.65,0.05,0.25,0.05
"798","Mp6g14500",8,"TRTTYNVLLDAYAKSKQVDQAEIVLKRMRKDKCTP","N","T","NT",0.05,0.65,0.05,0.25
"799","Mp6g14500",9,"TIHSFTTLVHAYALVGQMDKAEEIMRRMKSEGVAP","T","N","TN",0.65,0.05,0.25,0.05
"800","Mp6g14500",10,"NVFTFSTMMSGYAAAKDLVKMMKKFNDMKNVGLRP","S","N","SN",0.85,0.05,0.05,0.05
"801","Mp6g14500",11,"NQAVYTVLISAWGGQEDFEAVKFWFREMVNSGFEV","T","D","TD",0.25,0.05,0.55,0.15
"803","Mp6g17830",1,"DVITYSTFISGLCKAGQTTEAFQVFDTMKANNCGP","S","N","SN",0.85,0.05,0.05,0.05
"804","Mp6g17830",2,"NTITYNTLIHHVGKVGWVGDGCKLFQEMKNSASRP","N","D","ND",0.05,0.25,0.15,0.55
"805","Mp6g17830",3,"DLVTYTCLISGLCNAGRTEEAPHKFHDLKTEGLSE","T","D","TD",0.25,0.05,0.55,0.15
"806","Mp6g17830",4,"DVVIYNTLMDGLGKAGRTEEAGELLGMMKAYGVKA","N","D","ND",0.05,0.25,0.15,0.55
"807","Mp6g17830",5,"DLVTYNTLTDGVGKEGSMYMAFGFFEEMKAREIEP","N","D","ND",0.05,0.25,0.15,0.55
"808","Mp6g17830",6,"DVVTYSILIDAVGKAGHAEEASQLID","S","","S",0.25,0.25,0.25,0.25
"810","Mp6g18510",1,"PLPVFTTTVQKLGFEGNPIAALAVFEWLQVTEDKQP","T","N","TN",0.65,0.05,0.25,0.05
"811","Mp6g18510",2,"NVYTYNSLLGALKANGRWEIAEMVYGKMQESGIAP","N","D","ND",0.05,0.25,0.15,0.55
"812","Mp6g18510",3,"DIVTQNTLISMYEQQGAYTYALKIFRSLKSQGLQP","N","S","NS",0.15,0.55,0.05,0.25
"813","Mp6g18510",4,"gap","","","",0.25,0.25,0.25,0.25
"814","Mp6g18510",5,"gap","","","",0.25,0.25,0.25,0.25
"815","Mp6g18510",6,"SRNIFEKLIRACGDGEEDHKFVKLLYMDMRKQQLPM","E","S","ES",0.25,0.25,0.25,0.25
"816","Mp6g18510",7,"SVSLCNHVIQSLGWGKKWWAALEVFEHMVQLGPQP","N","N","NN",0.05,0.65,0.05,0.25
"817","Mp6g18510",8,"NSYTRKLMLSHFQVLLNSAKSRRIWKWALQLLEKMIQRGVEP","K","D","KD",0.25,0.25,0.25,0.25
"818","Mp6g18510",9,"DRFSWNAALIACAKAGETDSAVSVFHKMIERGQKP","N","G","NG",0.15,0.55,0.05,0.25
"819","Mp6g18510",10,"GVLSYGALLSALEKSNHLTGAKMVWKHMQDMGVEP","G","N","GN",0.65,0.25,0.05,0.05
"820","Mp6g18510",11,"NIVAYTTMISACGRGGSYPEALQLVEEMRANGIQP","T","S","TS",0.65,0.05,0.25,0.05
"821","Mp6g18510",12,"SLITYNALITACAKAGDGERALDVIQQMTAAKMQP","N","D","ND",0.05,0.25,0.15,0.55
"822","Mp6g18510",13,"DAITYSKLIEAMANEGRWEPATAAYRTMQELNLKP","S","P","SP",0.25,0.25,0.25,0.25
"824","Mp7g04570",1,"DVDSYNYVIKQLNYRKRFSLVRDVYEDMLLDGVQP","N","L","NL",0.05,0.85,0.05,0.05
"825","Mp7g04570",2,"LRDTFYLLITGAMQTVRLQDVMFFFDEMKAMGITP","Y","D","YD",0.25,0.25,0.25,0.25
"826","Mp7g04570",3,"DVAMYNCIIAACGRSQQVDRAFQVAEEMEAFGVQP","N","K","NK",0.05,0.65,0.05,0.25
"827","Mp7g04570",4,"KHRTFLALLRACAFVGRVEEAYGVVRRMATHGFTL","L","D","LD",0.25,0.25,0.25,0.25
"829","Mp7g09120",1,"CVQVFNAILSVHARHGNWERMQELLRIMLLKGCER","N","D","ND",0.05,0.25,0.15,0.55
"830","Mp7g09120",2,"DLVTYNTLISGRAKAGLQPGMAMDLLREIWKAGLRP","N","D","ND",0.05,0.25,0.15,0.55
"831","Mp7g09120",3,"DTVTYNTLISACSSNKCHEDAVKIYDEMKEQGCLP","N","D","ND",0.05,0.25,0.15,0.55
"832","Mp7g09120",4,"DIWTYNAIISVYGRCGLDDYAEEAYKTMKAKGFLP","N","D","ND",0.05,0.25,0.15,0.55
"833","Mp7g09120",5,"DAITYNSILYAYAKKGRVDDVELILRQMKDAGREA","N","D","ND",0.05,0.25,0.15,0.55
"834","Mp7g09120",6,"DEITYNTMIHMYGKKNLTSKALDLYEQMKRSRRYP","N","D","ND",0.05,0.25,0.15,0.55
"835","Mp7g09120",7,"DTVTFTVLIDGLGKAGEVKEAERIFNEMSQAAVKP","T","S","TS",0.65,0.05,0.25,0.05
"836","Mp7g09120",8,"SLNTYSAMICAYAKASLFKDAEGTFECMLQAGIQP","S","D","SD",0.05,0.15,0.75,0.05
"837","Mp7g09120",9,"DGLALSVMLDVYLNSGQANRVLPTYQRMVTRGIKP","S","G","SG",0.65,0.05,0.25,0.05
"838","Mp7g09120",10,"GLGQCGLMLRLYQKEGLLGEIERLCEDMRSAAY","G","D","GD",0.05,0.05,0.85,0.05
"839","Mp7g09120",11,"DPIALCTTFAKAGLIHASERALKDANARGRKL","C","D","CD",0.05,0.05,0.85,0.05
"840","Mp7g09120",12,"DPSAVDALMNAYVKAGMYKDAKELVDFIPFS","D","D","DD",0.25,0.25,0.25,0.25
"841","Mp7g09120",13,"DRGKIREQLIVTLANGEKFEEANEEFVKLKASGQGV","R","S","RS",0.25,0.25,0.25,0.25
"842","Mp7g09120",14,"SVKVFRSLIVTYELAGMSERALDILKEMEELGVRP","R","D","RD",0.25,0.25,0.25,0.25
"843","Mp7g09120",15,"DAVCLKSAVLASCRVGDPDRGHMLLRRMVAEFGSVG","K","D","KD",0.25,0.25,0.25,0.25
"844","Mp7g09120",16,"DSYLHMYVAKAYIKHQSWDNLESVLEHVTKSGLRI","M","S","MS",0.25,0.25,0.25,0.25
"845","Mp7g09120",17,"STKDYNSILLALAECGQFQQLERLVQKMILDGSSP","N","S","NS",0.15,0.55,0.05,0.25
"846","Mp7g09120",18,"SSSFTNALLEAILKVGSMADAADAHRRFSELGIPT","N","D","ND",0.05,0.25,0.15,0.55
"847","Mp7g09120",19,"DMETDLMMLQGFAKDLNVVKAKGIYRDSRMKGYFL","L","P","LP",0.25,0.25,0.25,0.25
"848","Mp7g09120",20,"PVWAFKVLIGLFSKVGCPEDAETTLKEMQQSGYQP","K","D","KD",0.25,0.25,0.25,0.25
"849","Mp7g09120",21,"DTFVYNAMISLYSKVGDFQKAAQVFQGMKDVGFSP","N","D","ND",0.05,0.25,0.15,0.55
"850","Mp7g09120",22,"DTITYNTLIHVYSRRLLVREAYSLLQQMQKAGCAP","N","D","ND",0.05,0.25,0.15,0.55
"851","Mp7g09120",23,"DLASYTMLLSAYGQMQMWEAATACFKELQELGIQP","T","D","TD",0.25,0.05,0.55,0.15
"852","Mp7g09120",24,"DEATYNIMIDVYRRSGKSDLSQVILSQMKEQGLEP","N","S","NS",0.15,0.55,0.05,0.25
"853","Mp7g09120",25,"SRTTMSLVMDSYGKSGDTESAEAVFDEMVEAGVDV","S","N","SN",0.85,0.05,0.05,0.05
"854","Mp7g09120",26,"NVIQYTSLIDGYLKEGNFEAAVAKLRRMQAEGIVP","T","N","TN",0.65,0.05,0.25,0.05
"856","Mp7g09450",1,"KVSAYTSGLVAAVVEQEQLTTTQRQIRDYERRGAILKLDHKDWEQLEIYENNLHGEAEQMAQWAVDE","T","A","TA",0.25,0.25,0.25,0.25
"857","Mp7g09450",2,"ALPSVHERLLAMYCIAGKALEAEKALWGMKLAGKEP","H","P","HP",0.25,0.25,0.25,0.25
"858","Mp7g09450",3,"PMEMYNTILGICGYRNQTEAVVRILNRMEVSGKLP","N","V","NV",0.05,0.65,0.05,0.25
"859","Mp7g09450",4,"VKKTYSVLMGGYIKGGHCDSAAETMHLMLEKNIHP","S","D","SD",0.05,0.15,0.75,0.05
"860","Mp7g09450",5,"DPNVMLAVLRALQKAELVGSYLKLCKRLAEAGLIE","L","P","LP",0.25,0.25,0.25,0.25
"862","Mp7g11380",1,"SLNDFSLIFREFAQRGDWQRALRLFKYMQRQQWCK","S","N","SN",0.85,0.05,0.05,0.05
"863","Mp7g11380",2,"NEHVYTIMIGIMGREGMLDKASELFEEMPSNEVEW","T","N","TN",0.65,0.05,0.25,0.05
"864","Mp7g11380",3,"NVYSFTALINAYGRNGQHEASLHLLARMKRERVTP","T","N","TN",0.65,0.05,0.25,0.05
"865","Mp7g11380",4,"NLITYNTVINACAKGGLEWEGLLGLFAQMRHEGIQP","N","D","ND",0.05,0.25,0.15,0.55
"866","Mp7g11380",5,"DIITYNTLLSACSSRGLVEEAGMVFRTMNEAGVVP","N","D","ND",0.05,0.25,0.15,0.55
"867","Mp7g11380",6,"DLVTYTSLVDTYGQAGQYEGAAELLREMERAGNVP","T","D","TD",0.25,0.05,0.55,0.15
"868","Mp7g11380",7,"DVVAYNVLIEAYTREGEVQAAAKVFKQMQQAGCAP","N","N","NN",0.05,0.65,0.05,0.25
"869","Mp7g11380",8,"NVGTFSTLLEAYGKHGRYDEVRSLFIDMKDRGTEP","S","N","SN",0.85,0.05,0.05,0.05
"870","Mp7g11380",9,"NVVTYNTLIDVLGQGGYWKEAVSIFQDMIEAECDP","N","N","NN",0.05,0.65,0.05,0.25
"871","Mp7g11380",10,"NLETYLVLLFACGKGGLHKEATKIYRHMCQQNISP","L","P","LP",0.25,0.25,0.25,0.25
"872","Mp7g11380",11,"PIEVYPGLINAYGKAAMYREAASAFQSMDESGCEP","P","D","PD",0.25,0.25,0.25,0.25
"873","Mp7g11380",12,"DQATYNALIETYSSGGLFKEAGAALWTMHEAGFPA","N","D","ND",0.05,0.25,0.15,0.55
"874","Mp7g11380",13,"DVSTFNSLIEAYGKNGMFDDAVEVFRDMQEAKCPP","N","N","NN",0.05,0.65,0.05,0.25
"875","Mp7g11380",14,"NQQTYATLLSVYCTAGLFDEARAQFLEMKEGGLIP","A","E","AE",0.25,0.25,0.25,0.25
"876","Mp7g11380",15,"EVTAYCLMLSICARRNRWEDVGKMLEEMQGRSMPT","C","","C",0.25,0.25,0.25,0.25
"878","Mp7g12900",1,"TVVIRTRMMKECKDEGDLRQLRKLLSSLKSDGHKP","T","T","TT",0.65,0.05,0.25,0.05
"879","Mp7g12900",2,"TVHSYSMLLSLLISKGQMQEAQSVLKTMEEEGVVP","S","D","SD",0.05,0.15,0.75,0.05
"880","Mp7g12900",3,"DTICFNTILNGWCSLGRLEEAKAVLEQLKDREYKL","N","T","NT",0.05,0.65,0.05,0.25
"881","Mp7g12900",4,"TTSTYNTLIKGFGLAGQAAEAMKLLQQMISDGVAK","N","N","NN",0.05,0.65,0.05,0.25
"882","Mp7g12900",5,"NKVTYNILINAWAKVKNVEQARWVLNLMRTAGFSP","N","D","ND",0.05,0.25,0.15,0.55
"883","Mp7g12900",6,"DVVTYNTIAKAYAELRRSFEAERVLEEMQNAYIRP","N","N","NN",0.05,0.65,0.05,0.25
"884","Mp7g12900",7,"NERTYGIIINSYCETGRPEEGLALLDRMKIDGVRC","G","N","GN",0.65,0.25,0.05,0.05
"885","Mp7g12900",8,"NLPIYNILIKGFSELYQPENVDKVLRLMEASGVKP","N","D","ND",0.05,0.25,0.15,0.55
"886","Mp7g12900",9,"DVQSFSLVMNVWCSSGSVEEARAVLNQMQTVHKVR","S","D","SD",0.05,0.15,0.75,0.05
"887","Mp7g12900",10,"DVTAYTILAKGYVRARRPAEAEGLLAEMRDQGLRP","T","N","TN",0.65,0.05,0.25,0.05
"888","Mp7g12900",11,"NVYTYTTVISGWCNVGNMDDAFRIFKDMQSRGVRP","T","N","TN",0.65,0.05,0.25,0.05
"889","Mp7g12900",12,"NPNTVNTLIWGFSEAKEPQRAEEVLEALKQVGIYP","N","D","ND",0.05,0.25,0.15,0.55
"891","Mp7g13850",1,"GVFYLTQLFAKLLKLGEDNNASKLIKDMKTLDSPV","T","T","TT",0.65,0.05,0.25,0.05
"892","Mp7g13850",2,"TVVVCNYLLNSCSKSRNPKMAKEVWNFMQSNKIQI","N","N","NN",0.05,0.65,0.05,0.25
"893","Mp7g13850",3,"NKVSYGCLIGALSRGGCIGEATELLTLLANKNEA","G","N","GN",0.65,0.25,0.05,0.05
"894","Mp7g13850",4,"NLVMYNTVLNGCVHTKSKAQAERCIQLMEKQGVPK","N","D","ND",0.05,0.25,0.15,0.55
"895","Mp7g13850",5,"DERTYMELIKLSGMLGDLSATRRWWTQLVGKFTP","M","T","MT",0.25,0.25,0.25,0.25
"896","Mp7g13850",6,"TSTVRSSYIIALCRMNDLNEARQALQDLVSVYGHG","S","L","SL",0.25,0.25,0.25,0.25
"897","Mp7g13850",7,"LQNSYNAMINAAGKAKNHILAECLFSEMRQLGLKM","N","D","ND",0.05,0.25,0.15,0.55
"898","Mp7g13850",8,"DIYTYNALLRAVLEGRGVKHGLRILKRMDTIGIKP","N","N","NN",0.05,0.65,0.05,0.25
"899","Mp7g13850",9,"NVHSLTALLEAYCRDRKFSKVDNVLEYMESGSRSQH","T","S","TS",0.65,0.05,0.25,0.05
"900","Mp7g13850",10,"SCHTYNIVLNACISAEDPERALQAFGRMKAFGAEP","N","D","ND",0.05,0.25,0.15,0.55
"901","Mp7g13850",11,"DICTYIALFTVLGNTRSEPEGSSPWSQRQVAKRI","I","T","IT",0.25,0.25,0.25,0.25
"902","Mp7g13850",12,"TRESFTSLMHVLGAQGLTELMLQRLKDAIKVGKDIL","T","D","TD",0.25,0.05,0.55,0.15
"903","Mp7g13850",13,"DVTSFNTVILSCVNVNQVETAWEVYQQMKSAGFKP","N","D","ND",0.05,0.25,0.15,0.55
"904","Mp7g13850",14,"DEYTYNILINGCTHEKKLSTAFELVDTMRQDGLSP","N","N","NN",0.05,0.65,0.05,0.25
"905","Mp7g13850",15,"NVVTFNTLLKVICHSGEMDIVLDLLKEMTASGVQP","N","D","ND",0.05,0.25,0.15,0.55
"906","Mp7g13850",16,"DTATFNTILTSASYQKRVDVMEHMLEEMRRSNISP","N","D","ND",0.05,0.25,0.15,0.55
"908","Mp7g15250",1,"DPHLYTTIIDTFGEAGCLELAEKIFSSVNISEVEK","T","D","TD",0.25,0.05,0.55,0.15
"909","Mp7g15250",2,"DIALFNAMINARGKAGQIDSLEDLFESMKKSFYKP","N","D","ND",0.05,0.25,0.15,0.55
"910","Mp7g15250",3,"DLVTYNTVMNSYVKAGMGLGTVVSVFKDMYTQGIEP","N","D","ND",0.05,0.25,0.15,0.55
"911","Mp7g15250",4,"DIVSFNILLEACVSGSHVKEAQKIFDNLKRRGLKP","N","T","NT",0.05,0.65,0.05,0.25
"912","Mp7g15250",5,"TVITYTTLITVYANSGHCSDALLLLSEMLAHSCLP","T","N","TN",0.65,0.05,0.25,0.05
"913","Mp7g15250",6,"NAVTFSSLITACARDGVYEEAEKLFQVMKDFQVEP","S","N","SN",0.85,0.05,0.05,0.05
"914","Mp7g15250",7,"NVVTYNAMIDLNRKRGDCDSAKRLYQEMNAAGLQP","N","T","NT",0.05,0.65,0.05,0.25
"915","Mp7g15250",8,"TSITAASLMSAYKASGNYDEVFATYEEAKLGKIC","A","N","AN",0.75,0.05,0.05,0.15
"916","Mp7g15250",9,"NTHVFTEAVDACIKSGNLMRILDLQSDMLAVNCHP","T","D","TD",0.25,0.05,0.55,0.15
"917","Mp7g15250",10,"DVVTCSIILSALGSKCSSEEEACVLVDFLQAFDIE","S","","S",0.25,0.25,0.25,0.25
"919","Mp8g01790",1,"CLFSWNTAIAGYSRAGHGEKAFELLKEMQRQGVKP","N","D","ND",0.05,0.25,0.15,0.55
"920","Mp8g01790",2,"DKFTFVSILGACGAVGDLERGRAVHNEIIKSGVKI","V","N","VN",0.85,0.05,0.05,0.05
"921","Mp8g01790",3,"NLFVWNALVDMYIKCGSIESAREVFDRMCQR","N","D","ND",0.05,0.25,0.15,0.55
"922","Mp8g01790",4,"DVVSWTALIAAYVKSGDSETALGLFDEMIQQRVEP","T","D","TD",0.25,0.05,0.55,0.15
"923","Mp8g01790",5,"DRITYVSVLNACAYLGVGAVEAGRKIHEQMMQSSYSL","V","N","VN",0.85,0.05,0.05,0.05
"924","Mp8g01790",6,"NIYVWNALINMYSKCGSLEDARLVFDEMHPK","N","D","ND",0.05,0.25,0.15,0.55
"925","Mp8g01790",7,"DVVSWNTMISGYAKMRRGEEALQLYKQMQQEHMIP","N","D","ND",0.05,0.25,0.15,0.55
"926","Mp8g01790",8,"DKFTFVTILNVCARLGALEEGKKVHAQMIERGGGL","V","D","VD",0.05,0.05,0.85,0.05
"928","Mp8g03500",1,"LLRAYTTVVGVLSRKGRLSEVDTLLHEMKDENVEP","T","D","TD",0.25,0.05,0.55,0.15
"929","Mp8g03500",2,"DLRFYNVVAEAYSNFGLVSHVSQVMVQMEKQGILP","N","D","ND",0.05,0.25,0.15,0.55
"930","Mp8g03500",3,"DRATLELMISAALKAKSPQVGKAIQVFRSMLQNSMEV","E","G","EG",0.25,0.25,0.25,0.25
"931","Mp8g03500",4,"GIKTYLKLIEACADARDILAADEVFLAMRASGHTI","L","Y","LY",0.25,0.25,0.25,0.25
"932","Mp8g03500",5,"YSKTWVKMIQLHASAGGYKEAEEIFRALRAAGIPP","V","S","VS",0.25,0.25,0.25,0.25
"933","Mp8g03500",6,"SASVYDALLLAYCQAGCLDQAFSVFREYKLATKP","D","S","DS",0.25,0.25,0.25,0.25
"934","Mp8g03500",7,"SLIAYNYLIEASGKGGRYEESLALYSELCNNGLRP","N","S","NS",0.15,0.55,0.05,0.25
"935","Mp8g03500",8,"STVTFTSLICAMVQAGQYDKADRLYKKMLQKRVAP","T","S","TS",0.65,0.05,0.25,0.05
"936","Mp8g03500",9,"SAYTYTAMIRAYTACSWTRLGHEVCVKMREDDIQL","T","G","TG",0.75,0.05,0.15,0.05
"937","Mp8g03500",10,"GSLVYGAMLNLYVQGRWYKEAAGIIREMDRKGIEP","G","D","GD",0.05,0.05,0.85,0.05
"939","Mp8g08650",1,"DEPTIASMLRILGREMQLTTAIEIFESLKGEGYGL","A","N","AN",0.75,0.05,0.05,0.15
"940","Mp8g08650",2,"NVYSYTSLISAYARSGRSQDALALFERMKEEGCRP","T","N","TN",0.65,0.05,0.25,0.05
"941","Mp8g08650",3,"NLVTYNVVIDIYGKRGRSWDKIQDLIVELRSQGFRP","N","D","ND",0.05,0.25,0.15,0.55
"942","Mp8g08650",4,"DRYSYNTMISACARESLCKEARGIFEEMKEAGCNP","N","D","ND",0.05,0.25,0.15,0.55
"943","Mp8g08650",5,"DKVTYNALLDVYGKAGWHKEASRVLQEMEKAGCPP","N","N","NN",0.05,0.65,0.05,0.25
"944","Mp8g08650",6,"NIVTYNELLAAYGKSGLHAEALALKQQMVSKGMEP","N","D","ND",0.05,0.25,0.15,0.55
"945","Mp8g08650",7,"DVFTYTSLLFGYSSAGQDRLAMDTYLEMCAGGCKP","T","N","TN",0.65,0.05,0.25,0.05
"946","Mp8g08650",8,"NLFTFNSLIDMFGKKKMFSEMLQIFDDLRDSGCAP","N","D","ND",0.05,0.25,0.15,0.55
"947","Mp8g08650",9,"DVVTWNSMLGAYGRNGMYEEVAMVFKNMKKAGCKP","N","E","NE",0.05,0.25,0.05,0.65
"948","Mp8g08650",10,"EKDTFNILIDAYGRCGSADQAVGIYHGMQRAGCRP","N","D","ND",0.05,0.25,0.15,0.55
"949","Mp8g08650",11,"DIATFNALLAAFAREGRWESTEELVMEMQKKGHEP","N","N","NN",0.05,0.65,0.05,0.25
"950","Mp8g08650",12,"NEVSYASMLHAYANGGQLVRLKKKVEEIYAFYNNTL","A","D","AD",0.05,0.05,0.85,0.05
"951","Mp8g08650",13,"DTVLLKTLVLVYSKCNLLDEAELAFAELQRNGYTP","K","D","KD",0.25,0.25,0.25,0.25
"952","Mp8g08650",14,"DLNAYNAMITVYGKRGRVDRATDLLDTLKLNGIAP","N","D","ND",0.05,0.25,0.15,0.55
"953","Mp8g08650",15,"DLVTYNVVMSMYGREGMYRKAEEVLREMQQAGTKP","N","N","NN",0.05,0.65,0.05,0.25
"954","Mp8g08650",16,"NMITYNTLIFAYTKHGRMEDAARIFLEMVDAGLKP","N","N","NN",0.05,0.65,0.05,0.25
"955","Mp8g08650",17,"NIFTYNTFVSSYANLGMYTEAMNVLKYMKRNGCKP","N","E","NE",0.05,0.25,0.05,0.65
"957","Mp8g16070",1,"DNGYYSKLISIMGKEGQYRLAMWLFAEMKKMGCRP","S","D","SD",0.05,0.15,0.75,0.05
"958","Mp8g16070",2,"DTSLYNSVMGVHLRSEDKEVGFQKAAGLLEEMKSK","N","N","NN",0.05,0.65,0.05,0.25
"959","Mp8g16070",3,"NVVTYNILIRAAAQLGHYDKVDELFRDLFDRDLVA","N","D","ND",0.05,0.25,0.15,0.55
"960","Mp8g16070",4,"DLYTYNGLMDAYGKAGEIVLMEETFKRMRGEKLKP","N","D","ND",0.05,0.25,0.15,0.55
"961","Mp8g16070",5,"DLVTYNTLIDAYGKAGELLKMEAVLAGMSGPRRGG","N","S","NS",0.15,0.55,0.05,0.25
"962","Mp8g16070",6,"SVKTFNSMITNYGNAGMWEKSEWVFQEMQKLDVQP","N","T","NT",0.05,0.65,0.05,0.25
"963","Mp8g16070",7,"TTVTYEALLGAYGTSGMFSKMKELVKTMRMWGPRP","E","E","EE",0.25,0.25,0.25,0.25
"964","Mp8g16070",8,"EACTLNRMIDSYCQHDMTDEAEALLKNSMDEFGVYP","N","T","NT",0.05,0.65,0.05,0.25
"965","Mp8g16070",9,"TSLSHGILIRHYKIVGKVSRIPPLLDQMKSWGLKP","G","T","GT",0.05,0.85,0.05,0.05
"967","Mp8g16250",1,"SKVDISGVLSELQQRQEWKWTLEFFSWMKKQPWYFA","S","N","SN",0.85,0.05,0.05,0.05
"968","Mp8g16250",2,"NARQYTRLIGFLGRMGKVDLACLYFQEMLLEKCKP","T","D","TD",0.25,0.05,0.55,0.15
"969","Mp8g16250",3,"DQYTFTAMLNAYGRAKMYDEALAVFSYMKEA","T","T","TT",0.65,0.05,0.25,0.05
"970","Mp8g16250",4,"TTVTCNAMVDALVKGGQYELAIKTFMDMREG","N","N","NN",0.05,0.65,0.05,0.25
"971","Mp8g16250",5,"NVVTYNILIDALCKENLVKAAIKVLYQMSKGDPEH","N","N","NN",0.05,0.65,0.05,0.25
"972","Mp8g16250",6,"NVATYNTLINACGKSGLYDKAEELMEHMQGCGVEP","N","D","ND",0.05,0.25,0.15,0.55
"973","Mp8g16250",7,"DRITYTALIDAYGKAGQCESAENLFKGMKGTHVQV","T","D","TD",0.25,0.05,0.55,0.15
"974","Mp8g16250",8,"DVMAYTAMIDAYAREGLHEKAQDLFQTMCSSGIRP","T","N","TN",0.65,0.05,0.25,0.05
"975","Mp8g16250",9,"NQVTYLALMEAYGKAGLPEEAKNVYMSMQSQGCQA","L","N","LN",0.25,0.25,0.25,0.25
"976","Mp8g16250",10,"NVLHYSALIDAYGKSGLHKEAAGIYKMMKRAGVRP","S","N","SN",0.85,0.05,0.05,0.05
"977","Mp8g16250",11,"NLVTLSALLASATRCNSWDDAMTLIACLQHSGTEL","S","","S",0.25,0.25,0.25,0.25
